<?xml version="1.0" encoding="utf-8"?>
<INDV-REPORT-FILE>
	<INDV-REPORTS>
		<INDV-REPORT>
			<HEADER>
				<DATE-OF-REQUEST>19-03-2020 07:21:23</DATE-OF-REQUEST>
				<PREPARED-FOR>LOANTAP CREDIT PRODUCTS PVT LTD</PREPARED-FOR>
				<PREPARED-FOR-ID>NBF0000919</PREPARED-FOR-ID>
				<DATE-OF-ISSUE>19-03-2020</DATE-OF-ISSUE>
				<BATCH-ID>642767123200319</BATCH-ID>
				<REPORT-ID>LOAN200319CR816749716</REPORT-ID>
			</HEADER>
			<STATUS-DETAILS>
				<STATUS>
					<OPTION>CNS-SCORE</OPTION>
					<OPTION-STATUS>SUCCESS</OPTION-STATUS>
					<ERRORS></ERRORS>
				</STATUS>
				<STATUS>
					<OPTION>MFI-INDV</OPTION>
					<OPTION-STATUS>NO RESPONSE FOUND</OPTION-STATUS>
					<ERRORS>
						<ERROR></ERROR>
					</ERRORS>
				</STATUS>
				<STATUS>
					<OPTION>MFI-GRP</OPTION>
					<OPTION-STATUS>NO RESPONSE FOUND</OPTION-STATUS>
					<ERRORS>
						<ERROR></ERROR>
					</ERRORS>
				</STATUS>
				<STATUS>
					<OPTION>CNS_INDV</OPTION>
					<OPTION-STATUS>SUCCESS</OPTION-STATUS>
					<ERRORS></ERRORS>
				</STATUS>
				<STATUS>
					<OPTION>INQUIRY-HISTORY</OPTION>
					<OPTION-STATUS>SUCCESS</OPTION-STATUS>
					<ERRORS></ERRORS>
				</STATUS>
			</STATUS-DETAILS>
			<SECONDARY-MATCHES></SECONDARY-MATCHES>
			<ACCOUNTS-SUMMARY>
				<DERIVED-ATTRIBUTES>
					<INQUIRIES-IN-LAST-SIX-MONTHS>2</INQUIRIES-IN-LAST-SIX-MONTHS>
					<LENGTH-OF-CREDIT-HISTORY-YEAR>12</LENGTH-OF-CREDIT-HISTORY-YEAR>
					<LENGTH-OF-CREDIT-HISTORY-MONTH>4</LENGTH-OF-CREDIT-HISTORY-MONTH>
					<AVERAGE-ACCOUNT-AGE-YEAR>1</AVERAGE-ACCOUNT-AGE-YEAR>
					<AVERAGE-ACCOUNT-AGE-MONTH>3</AVERAGE-ACCOUNT-AGE-MONTH>
					<NEW-ACCOUNTS-IN-LAST-SIX-MONTHS>7</NEW-ACCOUNTS-IN-LAST-SIX-MONTHS>
					<NEW-DELINQ-ACCOUNT-IN-LAST-SIX-MONTHS>0</NEW-DELINQ-ACCOUNT-IN-LAST-SIX-MONTHS>
				</DERIVED-ATTRIBUTES>
				<PRIMARY-ACCOUNTS-SUMMARY>
					<PRIMARY-NUMBER-OF-ACCOUNTS>37</PRIMARY-NUMBER-OF-ACCOUNTS>
					<PRIMARY-ACTIVE-NUMBER-OF-ACCOUNTS>21</PRIMARY-ACTIVE-NUMBER-OF-ACCOUNTS>
					<PRIMARY-OVERDUE-NUMBER-OF-ACCOUNTS>11</PRIMARY-OVERDUE-NUMBER-OF-ACCOUNTS>
					<PRIMARY-SECURED-NUMBER-OF-ACCOUNTS>0</PRIMARY-SECURED-NUMBER-OF-ACCOUNTS>
					<PRIMARY-UNSECURED-NUMBER-OF-ACCOUNTS>0</PRIMARY-UNSECURED-NUMBER-OF-ACCOUNTS>
					<PRIMARY-UNTAGGED-NUMBER-OF-ACCOUNTS>0</PRIMARY-UNTAGGED-NUMBER-OF-ACCOUNTS>
					<PRIMARY-CURRENT-BALANCE>2056042</PRIMARY-CURRENT-BALANCE>
					<PRIMARY-SANCTIONED-AMOUNT>2410351</PRIMARY-SANCTIONED-AMOUNT>
					<PRIMARY-DISBURSED-AMOUNT>2410351</PRIMARY-DISBURSED-AMOUNT>
				</PRIMARY-ACCOUNTS-SUMMARY>
				<SECONDARY-ACCOUNTS-SUMMARY>
					<SECONDARY-NUMBER-OF-ACCOUNTS>0</SECONDARY-NUMBER-OF-ACCOUNTS>
					<SECONDARY-ACTIVE-NUMBER-OF-ACCOUNTS>0</SECONDARY-ACTIVE-NUMBER-OF-ACCOUNTS>
					<SECONDARY-OVERDUE-NUMBER-OF-ACCOUNTS>0</SECONDARY-OVERDUE-NUMBER-OF-ACCOUNTS>
					<SECONDARY-SECURED-NUMBER-OF-ACCOUNTS>0</SECONDARY-SECURED-NUMBER-OF-ACCOUNTS>
					<SECONDARY-UNSECURED-NUMBER-OF-ACCOUNTS>0</SECONDARY-UNSECURED-NUMBER-OF-ACCOUNTS>
					<SECONDARY-UNTAGGED-NUMBER-OF-ACCOUNTS>0</SECONDARY-UNTAGGED-NUMBER-OF-ACCOUNTS>
					<SECONDARY-CURRENT-BALANCE>0</SECONDARY-CURRENT-BALANCE>
					<SECONDARY-SANCTIONED-AMOUNT>0</SECONDARY-SANCTIONED-AMOUNT>
					<SECONDARY-DISBURSED-AMOUNT>0</SECONDARY-DISBURSED-AMOUNT>
				</SECONDARY-ACCOUNTS-SUMMARY>
			</ACCOUNTS-SUMMARY>
			<ALERTS>
				<ALERT>
					<ALERT-DESC>NO</ALERT-DESC>
				</ALERT>
			</ALERTS>
			<SCORES>
				<SCORE>
					<SCORE-TYPE>PERFORM CONSUMER 2.0</SCORE-TYPE>
					<SCORE-VALUE>300</SCORE-VALUE>
					<SCORE-COMMENTS>M-Very High Risk</SCORE-COMMENTS>
				</SCORE>
			</SCORES>
			<INQUIRY-HISTORY>
				<HISTORY>
					<MEMBER-NAME>XXXX</MEMBER-NAME>
					<INQUIRY-DATE>27-09-2019</INQUIRY-DATE>
					<PURPOSE>Credit Card</PURPOSE>
					<AMOUNT>1,000</AMOUNT>
					<REMARK></REMARK>
				</HISTORY>
				<HISTORY>
					<MEMBER-NAME>XXXX</MEMBER-NAME>
					<INQUIRY-DATE>17-04-2019</INQUIRY-DATE>
					<PURPOSE>Other</PURPOSE>
					<AMOUNT>50,000</AMOUNT>
					<REMARK></REMARK>
				</HISTORY>
			</INQUIRY-HISTORY>
			<RESPONSES>
				<RESPONSE>
					<LOAN-DETAILS>
						<ACCT-NUMBER>XXXX</ACCT-NUMBER>
						<CREDIT-GUARANTOR>XXXX</CREDIT-GUARANTOR>
						<ACCT-TYPE>Credit Card</ACCT-TYPE>
						<DATE-REPORTED>31-01-2020</DATE-REPORTED>
						<OWNERSHIP-IND>Individual</OWNERSHIP-IND>
						<ACCOUNT-STATUS>Closed</ACCOUNT-STATUS>
						<DISBURSED-AMT>1,52,244</DISBURSED-AMT>
						<DISBURSED-DATE>07-08-2008</DISBURSED-DATE>
						<LAST-PAYMENT-DATE>31-10-2013</LAST-PAYMENT-DATE>
						<OVERDUE-AMT>36,290</OVERDUE-AMT>
						<WRITE-OFF-AMT>0</WRITE-OFF-AMT>
						<CURRENT-BAL>1,49,244</CURRENT-BAL>
						<SECURITY-STATUS>Un-secured</SECURITY-STATUS>
						<PRINCIPAL-WRITE-OFF-AMT>0</PRINCIPAL-WRITE-OFF-AMT>
						<COMBINED-PAYMENT-HISTORY>Jan:2020,160/XXX|Dec:2019,160/XXX|Nov:2019,160/XXX|Oct:2019,160/XXX|Sep:2019,160/XXX|Aug:2019,160/XXX|Jul:2019,160/XXX|Jun:2019,160/XXX|May:2019,160/XXX|Apr:2019,160/XXX|Mar:2019,160/XXX|Feb:2019,160/XXX|Jan:2019,160/XXX|Dec:2018,160/XXX|Nov:2018,160/XXX|Oct:2018,160/XXX|Sep:2018,160/XXX|Aug:2018,160/XXX|Jul:2018,160/XXX|Jun:2018,160/XXX|May:2018,160/XXX|Apr:2018,160/XXX|Mar:2018,160/XXX|Feb:2018,160/XXX|Jan:2018,160/XXX|Dec:2017,160/XXX|Nov:2017,160/XXX|Oct:2017,160/XXX|Sep:2017,160/XXX|Aug:2017,160/XXX|Jul:2017,160/XXX|Jun:2017,160/XXX|May:2017,160/XXX|Apr:2017,160/XXX|Mar:2017,160/XXX|Feb:2017,160/XXX|</COMBINED-PAYMENT-HISTORY>
						<MATCHED-TYPE>PRIMARY</MATCHED-TYPE>
						<WRITTEN-OFF_SETTLED-STATUS>Written-off</WRITTEN-OFF_SETTLED-STATUS>
						<SECURITY-DETAILS></SECURITY-DETAILS>
						<LINKED-ACCOUNTS></LINKED-ACCOUNTS>
					</LOAN-DETAILS>
				</RESPONSE>
				<RESPONSE>
					<LOAN-DETAILS>
						<ACCT-NUMBER>XXXX</ACCT-NUMBER>
						<CREDIT-GUARANTOR>XXXX</CREDIT-GUARANTOR>
						<ACCT-TYPE>Personal Loan</ACCT-TYPE>
						<DATE-REPORTED>31-01-2020</DATE-REPORTED>
						<OWNERSHIP-IND>Individual</OWNERSHIP-IND>
						<ACCOUNT-STATUS>Active</ACCOUNT-STATUS>
						<DISBURSED-AMT>7,000</DISBURSED-AMT>
						<DISBURSED-DATE>10-12-2019</DISBURSED-DATE>
						<OVERDUE-AMT>0</OVERDUE-AMT>
						<WRITE-OFF-AMT>0</WRITE-OFF-AMT>
						<CURRENT-BAL>7,000</CURRENT-BAL>
						<SECURITY-STATUS>Un-secured</SECURITY-STATUS>
						<COMBINED-PAYMENT-HISTORY>Jan:2020,000/STD|Dec:2019,000/STD|</COMBINED-PAYMENT-HISTORY>
						<MATCHED-TYPE>PRIMARY</MATCHED-TYPE>
						<SECURITY-DETAILS></SECURITY-DETAILS>
						<LINKED-ACCOUNTS></LINKED-ACCOUNTS>
					</LOAN-DETAILS>
				</RESPONSE>
				<RESPONSE>
					<LOAN-DETAILS>
						<ACCT-NUMBER>XXXX</ACCT-NUMBER>
						<CREDIT-GUARANTOR>XXXX</CREDIT-GUARANTOR>
						<ACCT-TYPE>Consumer Loan</ACCT-TYPE>
						<DATE-REPORTED>31-01-2020</DATE-REPORTED>
						<OWNERSHIP-IND>Individual</OWNERSHIP-IND>
						<ACCOUNT-STATUS>Active</ACCOUNT-STATUS>
						<DISBURSED-AMT>34,230</DISBURSED-AMT>
						<DISBURSED-DATE>28-01-2019</DISBURSED-DATE>
						<LAST-PAYMENT-DATE>06-12-2019</LAST-PAYMENT-DATE>
						<OVERDUE-AMT>0</OVERDUE-AMT>
						<WRITE-OFF-AMT>0</WRITE-OFF-AMT>
						<CURRENT-BAL>3,132</CURRENT-BAL>
						<SECURITY-STATUS>Un-secured</SECURITY-STATUS>
						<COMBINED-PAYMENT-HISTORY>Jan:2020,000/STD|Dec:2019,000/STD|Nov:2019,000/STD|Oct:2019,000/STD|Sep:2019,000/STD|Aug:2019,000/STD|Jul:2019,000/STD|Jun:2019,000/STD|May:2019,000/STD|Apr:2019,000/STD|Mar:2019,000/STD|Feb:2019,000/STD|Jan:2019,000/STD|</COMBINED-PAYMENT-HISTORY>
						<MATCHED-TYPE>PRIMARY</MATCHED-TYPE>
						<ACTUAL-PAYMENT>3,187</ACTUAL-PAYMENT>
						<SECURITY-DETAILS>
							<SECURITY-DETAIL>
								<SECURITY-TYPE></SECURITY-TYPE>
								<OWNER-NAME></OWNER-NAME>
								<SECURITY-VALUE>0</SECURITY-VALUE>
								<DATE-OF-VALUE></DATE-OF-VALUE>
								<SECURITY-CHARGE></SECURITY-CHARGE>
								<PROPERTY-ADDRESS></PROPERTY-ADDRESS>
								<AUTOMOBILE-TYPE></AUTOMOBILE-TYPE>
								<YEAR-OF-MANUFACTURE></YEAR-OF-MANUFACTURE>
								<REGISTRATION-NUMBER></REGISTRATION-NUMBER>
								<ENGINE-NUMBER></ENGINE-NUMBER>
								<CHASSIS-NUMBER></CHASSIS-NUMBER>
							</SECURITY-DETAIL>
						</SECURITY-DETAILS>
						<LINKED-ACCOUNTS></LINKED-ACCOUNTS>
					</LOAN-DETAILS>
				</RESPONSE>
				<RESPONSE>
					<LOAN-DETAILS>
						<ACCT-NUMBER>XXXX</ACCT-NUMBER>
						<CREDIT-GUARANTOR>XXXX</CREDIT-GUARANTOR>
						<ACCT-TYPE>Personal Loan</ACCT-TYPE>
						<DATE-REPORTED>31-01-2020</DATE-REPORTED>
						<OWNERSHIP-IND>Individual</OWNERSHIP-IND>
						<ACCOUNT-STATUS>Active</ACCOUNT-STATUS>
						<DISBURSED-AMT>51,000</DISBURSED-AMT>
						<DISBURSED-DATE>30-05-2019</DISBURSED-DATE>
						<LAST-PAYMENT-DATE>02-01-2020</LAST-PAYMENT-DATE>
						<OVERDUE-AMT>0</OVERDUE-AMT>
						<WRITE-OFF-AMT>0</WRITE-OFF-AMT>
						<CURRENT-BAL>44,650</CURRENT-BAL>
						<SECURITY-STATUS>Un-secured</SECURITY-STATUS>
						<COMBINED-PAYMENT-HISTORY>Jan:2020,000/XXX|Dec:2019,000/XXX|Nov:2019,000/XXX|Oct:2019,000/XXX|Sep:2019,000/XXX|Aug:2019,000/XXX|Jul:2019,000/XXX|Jun:2019,000/XXX|May:2019,000/XXX|</COMBINED-PAYMENT-HISTORY>
						<MATCHED-TYPE>PRIMARY</MATCHED-TYPE>
						<SECURITY-DETAILS></SECURITY-DETAILS>
						<LINKED-ACCOUNTS></LINKED-ACCOUNTS>
					</LOAN-DETAILS>
				</RESPONSE>
				<RESPONSE>
					<LOAN-DETAILS>
						<ACCT-NUMBER>XXXX</ACCT-NUMBER>
						<CREDIT-GUARANTOR>XXXX</CREDIT-GUARANTOR>
						<ACCT-TYPE>Consumer Loan</ACCT-TYPE>
						<DATE-REPORTED>31-01-2020</DATE-REPORTED>
						<OWNERSHIP-IND>Individual</OWNERSHIP-IND>
						<ACCOUNT-STATUS>Closed</ACCOUNT-STATUS>
						<DISBURSED-AMT>16,999</DISBURSED-AMT>
						<DISBURSED-DATE>12-07-2019</DISBURSED-DATE>
						<LAST-PAYMENT-DATE>19-08-2019</LAST-PAYMENT-DATE>
						<CLOSED-DATE>19-08-2019</CLOSED-DATE>
						<OVERDUE-AMT>0</OVERDUE-AMT>
						<WRITE-OFF-AMT>0</WRITE-OFF-AMT>
						<CURRENT-BAL>0</CURRENT-BAL>
						<SECURITY-STATUS>Un-secured</SECURITY-STATUS>
						<COMBINED-PAYMENT-HISTORY>Aug:2019,000/XXX|Jul:2019,000/XXX|</COMBINED-PAYMENT-HISTORY>
						<MATCHED-TYPE>PRIMARY</MATCHED-TYPE>
						<SECURITY-DETAILS></SECURITY-DETAILS>
						<LINKED-ACCOUNTS></LINKED-ACCOUNTS>
					</LOAN-DETAILS>
				</RESPONSE>
				<RESPONSE>
					<LOAN-DETAILS>
						<ACCT-NUMBER>XXXX</ACCT-NUMBER>
						<CREDIT-GUARANTOR>XXXX</CREDIT-GUARANTOR>
						<ACCT-TYPE>Personal Loan</ACCT-TYPE>
						<DATE-REPORTED>31-01-2020</DATE-REPORTED>
						<OWNERSHIP-IND>Individual</OWNERSHIP-IND>
						<ACCOUNT-STATUS>Active</ACCOUNT-STATUS>
						<DISBURSED-AMT>60,000</DISBURSED-AMT>
						<DISBURSED-DATE>30-04-2019</DISBURSED-DATE>
						<LAST-PAYMENT-DATE>14-01-2020</LAST-PAYMENT-DATE>
						<OVERDUE-AMT>0</OVERDUE-AMT>
						<WRITE-OFF-AMT>0</WRITE-OFF-AMT>
						<CURRENT-BAL>22,412</CURRENT-BAL>
						<SECURITY-STATUS>Un-secured</SECURITY-STATUS>
						<PRINCIPAL-WRITE-OFF-AMT>0</PRINCIPAL-WRITE-OFF-AMT>
						<COMBINED-PAYMENT-HISTORY>Jan:2020,000/XXX|Dec:2019,000/XXX|Nov:2019,000/XXX|Oct:2019,000/XXX|Sep:2019,000/XXX|Aug:2019,000/XXX|Jul:2019,000/XXX|Jun:2019,000/XXX|May:2019,000/XXX|Apr:2019,000/XXX|</COMBINED-PAYMENT-HISTORY>
						<MATCHED-TYPE>PRIMARY</MATCHED-TYPE>
						<SECURITY-DETAILS></SECURITY-DETAILS>
						<LINKED-ACCOUNTS></LINKED-ACCOUNTS>
					</LOAN-DETAILS>
				</RESPONSE>
				<RESPONSE>
					<LOAN-DETAILS>
						<ACCT-NUMBER>XXXX</ACCT-NUMBER>
						<CREDIT-GUARANTOR>XXXX</CREDIT-GUARANTOR>
						<ACCT-TYPE>Credit Card</ACCT-TYPE>
						<DATE-REPORTED>29-02-2020</DATE-REPORTED>
						<OWNERSHIP-IND>Individual</OWNERSHIP-IND>
						<ACCOUNT-STATUS>Closed</ACCOUNT-STATUS>
						<DISBURSED-AMT>2,18,876</DISBURSED-AMT>
						<DISBURSED-DATE>09-07-2008</DISBURSED-DATE>
						<WRITE-OFF-AMT>2,18,876</WRITE-OFF-AMT>
						<CURRENT-BAL>2,18,876</CURRENT-BAL>
						<CREDIT-LIMIT>0</CREDIT-LIMIT>
						<SECURITY-STATUS>Un-secured</SECURITY-STATUS>
						<PRINCIPAL-WRITE-OFF-AMT>1,33,730</PRINCIPAL-WRITE-OFF-AMT>
						<COMBINED-PAYMENT-HISTORY>Feb:2020,360/LOS|Jan:2020,360/XXX|Dec:2019,360/XXX|Nov:2019,360/XXX|Oct:2019,360/LOS|Sep:2019,360/LOS|Aug:2019,360/LOS|Jul:2019,360/LOS|Jun:2019,360/LOS|May:2019,DDD/DDD|Apr:2019,360/LOS|Mar:2019,360/LOS|Feb:2019,360/LOS|Jan:2019,360/LOS|Dec:2018,360/LOS|Nov:2018,360/LOS|Oct:2018,360/LOS|Sep:2018,360/LOS|Aug:2018,360/LOS|Jul:2018,360/LOS|Jun:2018,360/LOS|May:2018,360/LOS|Apr:2018,360/LOS|Mar:2018,360/LOS|Feb:2018,360/LOS|Jan:2018,360/LOS|Dec:2017,360/LOS|Nov:2017,360/LOS|Oct:2017,360/LOS|Sep:2017,360/LOS|Aug:2017,360/LOS|Jul:2017,360/LOS|Jun:2017,360/LOS|May:2017,360/LOS|Apr:2017,360/LOS|Mar:2017,360/LOS|</COMBINED-PAYMENT-HISTORY>
						<MATCHED-TYPE>PRIMARY</MATCHED-TYPE>
						<WRITTEN-OFF_SETTLED-STATUS>Written-off</WRITTEN-OFF_SETTLED-STATUS>
						<CASH-LIMIT>0</CASH-LIMIT>
						<SECURITY-DETAILS></SECURITY-DETAILS>
						<LINKED-ACCOUNTS></LINKED-ACCOUNTS>
					</LOAN-DETAILS>
				</RESPONSE>
				<RESPONSE>
					<LOAN-DETAILS>
						<ACCT-NUMBER>XXXX</ACCT-NUMBER>
						<CREDIT-GUARANTOR>XXXX</CREDIT-GUARANTOR>
						<ACCT-TYPE>Credit Card</ACCT-TYPE>
						<DATE-REPORTED>31-01-2020</DATE-REPORTED>
						<OWNERSHIP-IND>Individual</OWNERSHIP-IND>
						<ACCOUNT-STATUS>Closed</ACCOUNT-STATUS>
						<DISBURSED-AMT>1,08,798</DISBURSED-AMT>
						<DISBURSED-DATE>31-07-2007</DISBURSED-DATE>
						<LAST-PAYMENT-DATE>29-09-2010</LAST-PAYMENT-DATE>
						<OVERDUE-AMT>97,761</OVERDUE-AMT>
						<WRITE-OFF-AMT>97,761</WRITE-OFF-AMT>
						<CURRENT-BAL>97,761</CURRENT-BAL>
						<CREDIT-LIMIT>76,000</CREDIT-LIMIT>
						<SECURITY-STATUS>Un-secured</SECURITY-STATUS>
						<PRINCIPAL-WRITE-OFF-AMT>67,072</PRINCIPAL-WRITE-OFF-AMT>
						<COMBINED-PAYMENT-HISTORY>Jan:2020,180/XXX|Dec:2019,180/XXX|Nov:2019,180/XXX|Oct:2019,180/XXX|Sep:2019,180/XXX|Aug:2019,180/XXX|Jul:2019,180/XXX|Jun:2019,180/XXX|May:2019,180/XXX|Apr:2019,180/XXX|Mar:2019,180/XXX|Feb:2019,180/XXX|Jan:2019,180/XXX|Dec:2018,180/XXX|Nov:2018,180/XXX|Oct:2018,180/XXX|Sep:2018,180/XXX|Aug:2018,180/XXX|Jul:2018,180/XXX|Jun:2018,180/XXX|May:2018,180/XXX|Apr:2018,180/XXX|Mar:2018,180/XXX|Feb:2018,180/XXX|Jan:2018,180/XXX|Dec:2017,180/XXX|Nov:2017,180/XXX|Oct:2017,180/XXX|Sep:2017,180/XXX|Aug:2017,180/XXX|Jul:2017,180/XXX|Jun:2017,180/XXX|May:2017,180/XXX|Apr:2017,180/XXX|Mar:2017,180/XXX|Feb:2017,180/XXX|</COMBINED-PAYMENT-HISTORY>
						<MATCHED-TYPE>PRIMARY</MATCHED-TYPE>
						<SUIT-FILED_WILFUL-DEFAULT>No Suit filed</SUIT-FILED_WILFUL-DEFAULT>
						<WRITTEN-OFF_SETTLED-STATUS>Written-off</WRITTEN-OFF_SETTLED-STATUS>
						<CASH-LIMIT>0</CASH-LIMIT>
						<ACTUAL-PAYMENT>3,750</ACTUAL-PAYMENT>
						<SECURITY-DETAILS></SECURITY-DETAILS>
						<LINKED-ACCOUNTS></LINKED-ACCOUNTS>
					</LOAN-DETAILS>
				</RESPONSE>
				<RESPONSE>
					<LOAN-DETAILS>
						<ACCT-NUMBER>XXXX</ACCT-NUMBER>
						<CREDIT-GUARANTOR>XXXX</CREDIT-GUARANTOR>
						<ACCT-TYPE>Credit Card</ACCT-TYPE>
						<DATE-REPORTED>31-01-2020</DATE-REPORTED>
						<OWNERSHIP-IND>Individual</OWNERSHIP-IND>
						<ACCOUNT-STATUS>Active</ACCOUNT-STATUS>
						<DISBURSED-AMT>99,698</DISBURSED-AMT>
						<DISBURSED-DATE>16-04-2019</DISBURSED-DATE>
						<LAST-PAYMENT-DATE>15-01-2020</LAST-PAYMENT-DATE>
						<WRITE-OFF-AMT>0</WRITE-OFF-AMT>
						<CURRENT-BAL>93,306</CURRENT-BAL>
						<SECURITY-STATUS>Un-secured</SECURITY-STATUS>
						<COMBINED-PAYMENT-HISTORY>Jan:2020,000/XXX|Dec:2019,000/XXX|Nov:2019,000/XXX|Oct:2019,000/XXX|Sep:2019,000/XXX|Aug:2019,000/XXX|Jul:2019,000/XXX|Jun:2019,DDD/DDD|May:2019,000/XXX|Apr:2019,000/XXX|</COMBINED-PAYMENT-HISTORY>
						<MATCHED-TYPE>PRIMARY</MATCHED-TYPE>
						<SECURITY-DETAILS></SECURITY-DETAILS>
						<LINKED-ACCOUNTS></LINKED-ACCOUNTS>
					</LOAN-DETAILS>
				</RESPONSE>
				<RESPONSE>
					<LOAN-DETAILS>
						<ACCT-NUMBER>XXXX</ACCT-NUMBER>
						<CREDIT-GUARANTOR>XXXX</CREDIT-GUARANTOR>
						<ACCT-TYPE>Credit Card</ACCT-TYPE>
						<DATE-REPORTED>30-11-2011</DATE-REPORTED>
						<OWNERSHIP-IND>Individual</OWNERSHIP-IND>
						<ACCOUNT-STATUS>Closed</ACCOUNT-STATUS>
						<DISBURSED-AMT>2,13,844</DISBURSED-AMT>
						<DISBURSED-DATE>29-09-2007</DISBURSED-DATE>
						<LAST-PAYMENT-DATE>28-10-2010</LAST-PAYMENT-DATE>
						<CLOSED-DATE>05-10-2011</CLOSED-DATE>
						<OVERDUE-AMT>0</OVERDUE-AMT>
						<WRITE-OFF-AMT>0</WRITE-OFF-AMT>
						<CURRENT-BAL>0</CURRENT-BAL>
						<CREDIT-LIMIT>66,000</CREDIT-LIMIT>
						<SECURITY-STATUS>Un-secured</SECURITY-STATUS>
						<COMBINED-PAYMENT-HISTORY>Oct:2011,000/XXX|Sep:2011,000/XXX|Aug:2011,354/XXX|Jul:2011,322/XXX|Jun:2011,XXX/XXX|May:2011,XXX/XXX|Apr:2011,XXX/XXX|Mar:2011,XXX/XXX|Feb:2011,XXX/XXX|Jan:2011,XXX/XXX|Dec:2010,XXX/XXX|Nov:2010,XXX/XXX|Oct:2010,XXX/XXX|Sep:2010,XXX/XXX|Aug:2010,XXX/XXX|Jul:2010,XXX/XXX|Jun:2010,XXX/XXX|May:2010,XXX/XXX|Apr:2010,XXX/XXX|Mar:2010,XXX/XXX|Feb:2010,XXX/XXX|Jan:2010,XXX/XXX|Dec:2009,XXX/XXX|Nov:2009,XXX/XXX|Oct:2009,XXX/XXX|Sep:2009,XXX/XXX|Aug:2009,XXX/XXX|Jul:2009,XXX/XXX|Jun:2009,XXX/XXX|May:2009,XXX/XXX|Apr:2009,XXX/XXX|Mar:2009,XXX/XXX|Feb:2009,XXX/XXX|Jan:2009,XXX/XXX|Dec:2008,XXX/XXX|Nov:2008,XXX/XXX|</COMBINED-PAYMENT-HISTORY>
						<MATCHED-TYPE>PRIMARY</MATCHED-TYPE>
						<SECURITY-DETAILS></SECURITY-DETAILS>
						<LINKED-ACCOUNTS></LINKED-ACCOUNTS>
					</LOAN-DETAILS>
				</RESPONSE>
				<RESPONSE>
					<LOAN-DETAILS>
						<ACCT-NUMBER>XXXX</ACCT-NUMBER>
						<CREDIT-GUARANTOR>XXXX</CREDIT-GUARANTOR>
						<ACCT-TYPE>Personal Loan</ACCT-TYPE>
						<DATE-REPORTED>31-01-2020</DATE-REPORTED>
						<OWNERSHIP-IND>Individual</OWNERSHIP-IND>
						<ACCOUNT-STATUS>Active</ACCOUNT-STATUS>
						<DISBURSED-AMT>11,000</DISBURSED-AMT>
						<DISBURSED-DATE>11-01-2020</DISBURSED-DATE>
						<OVERDUE-AMT>0</OVERDUE-AMT>
						<WRITE-OFF-AMT>0</WRITE-OFF-AMT>
						<CURRENT-BAL>11,000</CURRENT-BAL>
						<SECURITY-STATUS>Un-secured</SECURITY-STATUS>
						<COMBINED-PAYMENT-HISTORY>Jan:2020,000/STD|</COMBINED-PAYMENT-HISTORY>
						<MATCHED-TYPE>PRIMARY</MATCHED-TYPE>
						<SECURITY-DETAILS></SECURITY-DETAILS>
						<LINKED-ACCOUNTS></LINKED-ACCOUNTS>
					</LOAN-DETAILS>
				</RESPONSE>
				<RESPONSE>
					<LOAN-DETAILS>
						<ACCT-NUMBER>XXXX</ACCT-NUMBER>
						<CREDIT-GUARANTOR>XXXX</CREDIT-GUARANTOR>
						<ACCT-TYPE>Consumer Loan</ACCT-TYPE>
						<DATE-REPORTED>31-01-2020</DATE-REPORTED>
						<OWNERSHIP-IND>Individual</OWNERSHIP-IND>
						<ACCOUNT-STATUS>Closed</ACCOUNT-STATUS>
						<DISBURSED-AMT>13,990</DISBURSED-AMT>
						<DISBURSED-DATE>13-10-2018</DISBURSED-DATE>
						<LAST-PAYMENT-DATE>21-03-2019</LAST-PAYMENT-DATE>
						<CLOSED-DATE>21-03-2019</CLOSED-DATE>
						<OVERDUE-AMT>0</OVERDUE-AMT>
						<WRITE-OFF-AMT>0</WRITE-OFF-AMT>
						<CURRENT-BAL>0</CURRENT-BAL>
						<SECURITY-STATUS>Un-secured</SECURITY-STATUS>
						<COMBINED-PAYMENT-HISTORY>Mar:2019,000/XXX|Feb:2019,000/XXX|Jan:2019,000/XXX|Dec:2018,000/XXX|Nov:2018,000/XXX|Oct:2018,000/XXX|</COMBINED-PAYMENT-HISTORY>
						<MATCHED-TYPE>PRIMARY</MATCHED-TYPE>
						<SECURITY-DETAILS></SECURITY-DETAILS>
						<LINKED-ACCOUNTS></LINKED-ACCOUNTS>
					</LOAN-DETAILS>
				</RESPONSE>
				<RESPONSE>
					<LOAN-DETAILS>
						<ACCT-NUMBER>XXXX</ACCT-NUMBER>
						<CREDIT-GUARANTOR>XXXX</CREDIT-GUARANTOR>
						<ACCT-TYPE>Credit Card</ACCT-TYPE>
						<DATE-REPORTED>31-12-2019</DATE-REPORTED>
						<OWNERSHIP-IND>Individual</OWNERSHIP-IND>
						<ACCOUNT-STATUS>Closed</ACCOUNT-STATUS>
						<DISBURSED-AMT>2,13,844</DISBURSED-AMT>
						<DISBURSED-DATE>29-09-2007</DISBURSED-DATE>
						<OVERDUE-AMT>2,13,844</OVERDUE-AMT>
						<WRITE-OFF-AMT>2,13,844</WRITE-OFF-AMT>
						<CURRENT-BAL>2,13,844</CURRENT-BAL>
						<CREDIT-LIMIT>66,000</CREDIT-LIMIT>
						<SECURITY-STATUS>Un-secured</SECURITY-STATUS>
						<PRINCIPAL-WRITE-OFF-AMT>1,90,772</PRINCIPAL-WRITE-OFF-AMT>
						<COMBINED-PAYMENT-HISTORY>Dec:2019,900/LOS|Nov:2019,900/LOS|Oct:2019,900/LOS|Sep:2019,900/LOS|Aug:2019,900/LOS|Jul:2019,900/LOS|Jun:2019,900/LOS|May:2019,900/LOS|Apr:2019,900/LOS|Mar:2019,900/LOS|Feb:2019,900/LOS|Jan:2019,DDD/DDD|Dec:2018,900/LOS|Nov:2018,900/LOS|Oct:2018,900/LOS|Sep:2018,900/LOS|Aug:2018,900/LOS|Jul:2018,900/LOS|Jun:2018,900/LOS|May:2018,900/LOS|Apr:2018,900/LOS|Mar:2018,900/LOS|Feb:2018,900/LOS|Jan:2018,900/LOS|Dec:2017,900/LOS|Nov:2017,900/LOS|Oct:2017,900/LOS|Sep:2017,900/LOS|Aug:2017,900/LOS|Jul:2017,900/LOS|Jun:2017,900/LOS|May:2017,900/LOS|Apr:2017,900/LOS|Mar:2017,900/LOS|Feb:2017,900/LOS|Jan:2017,900/LOS|</COMBINED-PAYMENT-HISTORY>
						<MATCHED-TYPE>PRIMARY</MATCHED-TYPE>
						<WRITTEN-OFF_SETTLED-STATUS>Written-off</WRITTEN-OFF_SETTLED-STATUS>
						<SECURITY-DETAILS>
							<SECURITY-DETAIL>
								<SECURITY-TYPE>No Collateral</SECURITY-TYPE>
								<OWNER-NAME></OWNER-NAME>
								<DATE-OF-VALUE></DATE-OF-VALUE>
								<SECURITY-CHARGE></SECURITY-CHARGE>
								<PROPERTY-ADDRESS></PROPERTY-ADDRESS>
								<AUTOMOBILE-TYPE></AUTOMOBILE-TYPE>
								<YEAR-OF-MANUFACTURE></YEAR-OF-MANUFACTURE>
								<REGISTRATION-NUMBER></REGISTRATION-NUMBER>
								<ENGINE-NUMBER></ENGINE-NUMBER>
								<CHASSIS-NUMBER></CHASSIS-NUMBER>
							</SECURITY-DETAIL>
						</SECURITY-DETAILS>
						<LINKED-ACCOUNTS></LINKED-ACCOUNTS>
					</LOAN-DETAILS>
				</RESPONSE>
				<RESPONSE>
					<LOAN-DETAILS>
						<ACCT-NUMBER>XXXX</ACCT-NUMBER>
						<CREDIT-GUARANTOR>XXXX</CREDIT-GUARANTOR>
						<ACCT-TYPE>Credit Card</ACCT-TYPE>
						<DATE-REPORTED>10-01-2020</DATE-REPORTED>
						<OWNERSHIP-IND>Individual</OWNERSHIP-IND>
						<ACCOUNT-STATUS>Closed</ACCOUNT-STATUS>
						<DISBURSED-AMT>1,85,146</DISBURSED-AMT>
						<DISBURSED-DATE>12-07-2010</DISBURSED-DATE>
						<LAST-PAYMENT-DATE>04-03-2011</LAST-PAYMENT-DATE>
						<CLOSED-DATE>12-03-2011</CLOSED-DATE>
						<OVERDUE-AMT>23,169</OVERDUE-AMT>
						<WRITE-OFF-AMT>1,85,146</WRITE-OFF-AMT>
						<CURRENT-BAL>1,85,146</CURRENT-BAL>
						<SECURITY-STATUS>Un-secured</SECURITY-STATUS>
						<PRINCIPAL-WRITE-OFF-AMT>1,79,759</PRINCIPAL-WRITE-OFF-AMT>
						<COMBINED-PAYMENT-HISTORY>Feb:2011,XXX/XXX|Jan:2011,XXX/XXX|Dec:2010,XXX/XXX|Nov:2010,XXX/XXX|Oct:2010,XXX/XXX|Sep:2010,XXX/XXX|Aug:2010,XXX/XXX|</COMBINED-PAYMENT-HISTORY>
						<MATCHED-TYPE>PRIMARY</MATCHED-TYPE>
						<WRITTEN-OFF_SETTLED-STATUS>Written-off</WRITTEN-OFF_SETTLED-STATUS>
						<CASH-LIMIT>1,09,894</CASH-LIMIT>
						<ACTUAL-PAYMENT>4,588</ACTUAL-PAYMENT>
						<SECURITY-DETAILS></SECURITY-DETAILS>
						<LINKED-ACCOUNTS></LINKED-ACCOUNTS>
					</LOAN-DETAILS>
				</RESPONSE>
				<RESPONSE>
					<LOAN-DETAILS>
						<ACCT-NUMBER>XXXX</ACCT-NUMBER>
						<CREDIT-GUARANTOR>XXXX</CREDIT-GUARANTOR>
						<ACCT-TYPE>Credit Card</ACCT-TYPE>
						<DATE-REPORTED>31-01-2020</DATE-REPORTED>
						<OWNERSHIP-IND>Individual</OWNERSHIP-IND>
						<ACCOUNT-STATUS>Active</ACCOUNT-STATUS>
						<DISBURSED-AMT>68,347</DISBURSED-AMT>
						<DISBURSED-DATE>18-04-2019</DISBURSED-DATE>
						<LAST-PAYMENT-DATE>26-12-2019</LAST-PAYMENT-DATE>
						<OVERDUE-AMT>0</OVERDUE-AMT>
						<WRITE-OFF-AMT>0</WRITE-OFF-AMT>
						<CURRENT-BAL>0</CURRENT-BAL>
						<SECURITY-STATUS>Un-secured</SECURITY-STATUS>
						<COMBINED-PAYMENT-HISTORY>Jan:2020,000/XXX|Dec:2019,000/XXX|Nov:2019,000/XXX|Oct:2019,000/XXX|Sep:2019,000/XXX|Aug:2019,000/XXX|Jul:2019,000/XXX|Jun:2019,000/XXX|May:2019,000/XXX|Apr:2019,000/XXX|</COMBINED-PAYMENT-HISTORY>
						<MATCHED-TYPE>PRIMARY</MATCHED-TYPE>
						<ACTUAL-PAYMENT>0</ACTUAL-PAYMENT>
						<SECURITY-DETAILS></SECURITY-DETAILS>
						<LINKED-ACCOUNTS></LINKED-ACCOUNTS>
					</LOAN-DETAILS>
				</RESPONSE>
				<RESPONSE>
					<LOAN-DETAILS>
						<ACCT-NUMBER>XXXX</ACCT-NUMBER>
						<CREDIT-GUARANTOR>XXXX</CREDIT-GUARANTOR>
						<ACCT-TYPE>Consumer Loan</ACCT-TYPE>
						<DATE-REPORTED>31-01-2020</DATE-REPORTED>
						<OWNERSHIP-IND>Individual</OWNERSHIP-IND>
						<ACCOUNT-STATUS>Closed</ACCOUNT-STATUS>
						<DISBURSED-AMT>5,000</DISBURSED-AMT>
						<DISBURSED-DATE>17-02-2019</DISBURSED-DATE>
						<LAST-PAYMENT-DATE>22-03-2019</LAST-PAYMENT-DATE>
						<CLOSED-DATE>22-03-2019</CLOSED-DATE>
						<OVERDUE-AMT>0</OVERDUE-AMT>
						<WRITE-OFF-AMT>0</WRITE-OFF-AMT>
						<CURRENT-BAL>0</CURRENT-BAL>
						<SECURITY-STATUS>Un-secured</SECURITY-STATUS>
						<COMBINED-PAYMENT-HISTORY>Mar:2019,000/XXX|Feb:2019,000/XXX|</COMBINED-PAYMENT-HISTORY>
						<MATCHED-TYPE>PRIMARY</MATCHED-TYPE>
						<SECURITY-DETAILS></SECURITY-DETAILS>
						<LINKED-ACCOUNTS></LINKED-ACCOUNTS>
					</LOAN-DETAILS>
				</RESPONSE>
				<RESPONSE>
					<LOAN-DETAILS>
						<ACCT-NUMBER>XXXX</ACCT-NUMBER>
						<CREDIT-GUARANTOR>XXXX</CREDIT-GUARANTOR>
						<ACCT-TYPE>Credit Card</ACCT-TYPE>
						<DATE-REPORTED>31-01-2020</DATE-REPORTED>
						<OWNERSHIP-IND>Individual</OWNERSHIP-IND>
						<ACCOUNT-STATUS>Active</ACCOUNT-STATUS>
						<DISBURSED-AMT>14,478</DISBURSED-AMT>
						<DISBURSED-DATE>20-01-2020</DISBURSED-DATE>
						<OVERDUE-AMT>0</OVERDUE-AMT>
						<WRITE-OFF-AMT>0</WRITE-OFF-AMT>
						<CURRENT-BAL>14,478</CURRENT-BAL>
						<CREDIT-LIMIT>85,000</CREDIT-LIMIT>
						<SECURITY-STATUS>Un-secured</SECURITY-STATUS>
						<COMBINED-PAYMENT-HISTORY>Jan:2020,000/XXX|</COMBINED-PAYMENT-HISTORY>
						<MATCHED-TYPE>PRIMARY</MATCHED-TYPE>
						<CASH-LIMIT>8,500</CASH-LIMIT>
						<SECURITY-DETAILS></SECURITY-DETAILS>
						<LINKED-ACCOUNTS></LINKED-ACCOUNTS>
					</LOAN-DETAILS>
				</RESPONSE>
				<RESPONSE>
					<LOAN-DETAILS>
						<ACCT-NUMBER>XXXX</ACCT-NUMBER>
						<CREDIT-GUARANTOR>XXXX</CREDIT-GUARANTOR>
						<ACCT-TYPE>Credit Card</ACCT-TYPE>
						<DATE-REPORTED>31-01-2020</DATE-REPORTED>
						<OWNERSHIP-IND>Individual</OWNERSHIP-IND>
						<ACCOUNT-STATUS>Active</ACCOUNT-STATUS>
						<DISBURSED-AMT>17,604</DISBURSED-AMT>
						<DISBURSED-DATE>02-05-2019</DISBURSED-DATE>
						<LAST-PAYMENT-DATE>24-01-2020</LAST-PAYMENT-DATE>
						<OVERDUE-AMT>0</OVERDUE-AMT>
						<WRITE-OFF-AMT>0</WRITE-OFF-AMT>
						<CURRENT-BAL>16,070</CURRENT-BAL>
						<CREDIT-LIMIT>20,000</CREDIT-LIMIT>
						<SECURITY-STATUS>Un-secured</SECURITY-STATUS>
						<COMBINED-PAYMENT-HISTORY>Jan:2020,000/XXX|Dec:2019,000/XXX|Nov:2019,000/XXX|Oct:2019,000/XXX|Sep:2019,000/XXX|Aug:2019,000/XXX|Jul:2019,000/XXX|Jun:2019,000/XXX|May:2019,000/XXX|</COMBINED-PAYMENT-HISTORY>
						<MATCHED-TYPE>PRIMARY</MATCHED-TYPE>
						<ACTUAL-PAYMENT>16,533</ACTUAL-PAYMENT>
						<SECURITY-DETAILS></SECURITY-DETAILS>
						<LINKED-ACCOUNTS></LINKED-ACCOUNTS>
					</LOAN-DETAILS>
				</RESPONSE>
				<RESPONSE>
					<LOAN-DETAILS>
						<ACCT-NUMBER>XXXX</ACCT-NUMBER>
						<CREDIT-GUARANTOR>XXXX</CREDIT-GUARANTOR>
						<ACCT-TYPE>Consumer Loan</ACCT-TYPE>
						<DATE-REPORTED>31-01-2020</DATE-REPORTED>
						<OWNERSHIP-IND>Individual</OWNERSHIP-IND>
						<ACCOUNT-STATUS>Closed</ACCOUNT-STATUS>
						<DISBURSED-AMT>15,500</DISBURSED-AMT>
						<DISBURSED-DATE>24-02-2019</DISBURSED-DATE>
						<LAST-PAYMENT-DATE>09-08-2019</LAST-PAYMENT-DATE>
						<CLOSED-DATE>09-08-2019</CLOSED-DATE>
						<OVERDUE-AMT>0</OVERDUE-AMT>
						<WRITE-OFF-AMT>0</WRITE-OFF-AMT>
						<CURRENT-BAL>0</CURRENT-BAL>
						<SECURITY-STATUS>Un-secured</SECURITY-STATUS>
						<COMBINED-PAYMENT-HISTORY>Aug:2019,000/XXX|Jul:2019,000/XXX|Jun:2019,000/XXX|May:2019,000/XXX|Apr:2019,000/XXX|Mar:2019,000/XXX|Feb:2019,000/XXX|</COMBINED-PAYMENT-HISTORY>
						<MATCHED-TYPE>PRIMARY</MATCHED-TYPE>
						<SECURITY-DETAILS></SECURITY-DETAILS>
						<LINKED-ACCOUNTS></LINKED-ACCOUNTS>
					</LOAN-DETAILS>
				</RESPONSE>
				<RESPONSE>
					<LOAN-DETAILS>
						<ACCT-NUMBER>XXXX</ACCT-NUMBER>
						<CREDIT-GUARANTOR>XXXX</CREDIT-GUARANTOR>
						<ACCT-TYPE>Gold Loan</ACCT-TYPE>
						<DATE-REPORTED>31-01-2020</DATE-REPORTED>
						<OWNERSHIP-IND>Individual</OWNERSHIP-IND>
						<ACCOUNT-STATUS>Active</ACCOUNT-STATUS>
						<DISBURSED-AMT>1,32,000</DISBURSED-AMT>
						<DISBURSED-DATE>22-02-2019</DISBURSED-DATE>
						<LAST-PAYMENT-DATE>31-01-2020</LAST-PAYMENT-DATE>
						<INSTALLMENT-AMT>1,46,765/Monthly</INSTALLMENT-AMT>
						<OVERDUE-AMT>1,34,663</OVERDUE-AMT>
						<WRITE-OFF-AMT>0</WRITE-OFF-AMT>
						<CURRENT-BAL>1,35,881</CURRENT-BAL>
						<SECURITY-STATUS>Secured</SECURITY-STATUS>
						<COMBINED-PAYMENT-HISTORY>Jan:2020,XXX/STD|Dec:2019,XXX/STD|Nov:2019,XXX/STD|Oct:2019,XXX/STD|Sep:2019,XXX/STD|Aug:2019,XXX/STD|Jul:2019,XXX/STD|Jun:2019,XXX/STD|May:2019,XXX/STD|Apr:2019,DDD/DDD|Mar:2019,XXX/STD|Feb:2019,XXX/STD|</COMBINED-PAYMENT-HISTORY>
						<MATCHED-TYPE>PRIMARY</MATCHED-TYPE>
						<SECURITY-DETAILS>
							<SECURITY-DETAIL>
								<SECURITY-TYPE>Gold</SECURITY-TYPE>
								<OWNER-NAME></OWNER-NAME>
								<SECURITY-VALUE>1,98,900</SECURITY-VALUE>
								<DATE-OF-VALUE></DATE-OF-VALUE>
								<SECURITY-CHARGE></SECURITY-CHARGE>
								<PROPERTY-ADDRESS></PROPERTY-ADDRESS>
								<AUTOMOBILE-TYPE></AUTOMOBILE-TYPE>
								<YEAR-OF-MANUFACTURE></YEAR-OF-MANUFACTURE>
								<REGISTRATION-NUMBER></REGISTRATION-NUMBER>
								<ENGINE-NUMBER></ENGINE-NUMBER>
								<CHASSIS-NUMBER></CHASSIS-NUMBER>
							</SECURITY-DETAIL>
						</SECURITY-DETAILS>
						<LINKED-ACCOUNTS>
							<ACCOUNT-DETAILS>
								<ACCT-NUMBER>XXXX</ACCT-NUMBER>
								<CREDIT-GUARANTOR>XXXX</CREDIT-GUARANTOR>
								<ACCT-TYPE>Gold Loan</ACCT-TYPE>
								<DATE-REPORTED>31-07-2019</DATE-REPORTED>
								<OWNERSHIP-IND>Individual</OWNERSHIP-IND>
								<ACCOUNT-STATUS>Active</ACCOUNT-STATUS>
								<DISBURSED-AMT>1,32,000</DISBURSED-AMT>
								<DISBURSED-DATE>22-02-2019</DISBURSED-DATE>
								<LAST-PAYMENT-DATE>31-07-2019</LAST-PAYMENT-DATE>
								<CURRENT-BAL>1,32,677</CURRENT-BAL>
								<SECURITY-DETAILS></SECURITY-DETAILS>
							</ACCOUNT-DETAILS>
							<ACCOUNT-DETAILS>
								<ACCT-NUMBER>XXXX</ACCT-NUMBER>
								<CREDIT-GUARANTOR>XXXX</CREDIT-GUARANTOR>
								<ACCT-TYPE>Gold Loan</ACCT-TYPE>
								<DATE-REPORTED>31-12-2019</DATE-REPORTED>
								<OWNERSHIP-IND>Individual</OWNERSHIP-IND>
								<ACCOUNT-STATUS>Active</ACCOUNT-STATUS>
								<DISBURSED-AMT>1,32,000</DISBURSED-AMT>
								<DISBURSED-DATE>22-02-2019</DISBURSED-DATE>
								<LAST-PAYMENT-DATE>31-12-2019</LAST-PAYMENT-DATE>
								<CURRENT-BAL>1,34,656</CURRENT-BAL>
								<SECURITY-DETAILS></SECURITY-DETAILS>
							</ACCOUNT-DETAILS>
						</LINKED-ACCOUNTS>
					</LOAN-DETAILS>
				</RESPONSE>
				<RESPONSE>
					<LOAN-DETAILS>
						<ACCT-NUMBER>XXXX</ACCT-NUMBER>
						<CREDIT-GUARANTOR>XXXX</CREDIT-GUARANTOR>
						<ACCT-TYPE>Personal Loan</ACCT-TYPE>
						<DATE-REPORTED>31-10-2019</DATE-REPORTED>
						<OWNERSHIP-IND>Individual</OWNERSHIP-IND>
						<ACCOUNT-STATUS>Closed</ACCOUNT-STATUS>
						<DISBURSED-AMT>19,999</DISBURSED-AMT>
						<DISBURSED-DATE>18-01-2019</DISBURSED-DATE>
						<CLOSED-DATE>19-08-2019</CLOSED-DATE>
						<OVERDUE-AMT>0</OVERDUE-AMT>
						<WRITE-OFF-AMT>0</WRITE-OFF-AMT>
						<CURRENT-BAL>0</CURRENT-BAL>
						<SECURITY-STATUS>Un-secured</SECURITY-STATUS>
						<PRINCIPAL-WRITE-OFF-AMT>0</PRINCIPAL-WRITE-OFF-AMT>
						<COMBINED-PAYMENT-HISTORY>Aug:2019,000/STD|Jul:2019,000/STD|Jun:2019,000/STD|May:2019,000/STD|Apr:2019,000/STD|Mar:2019,000/STD|Feb:2019,000/STD|</COMBINED-PAYMENT-HISTORY>
						<MATCHED-TYPE>PRIMARY</MATCHED-TYPE>
						<SECURITY-DETAILS></SECURITY-DETAILS>
						<LINKED-ACCOUNTS></LINKED-ACCOUNTS>
					</LOAN-DETAILS>
				</RESPONSE>
				<RESPONSE>
					<LOAN-DETAILS>
						<ACCT-NUMBER>XXXX</ACCT-NUMBER>
						<CREDIT-GUARANTOR>XXXX</CREDIT-GUARANTOR>
						<ACCT-TYPE>Credit Card</ACCT-TYPE>
						<DATE-REPORTED>12-01-2011</DATE-REPORTED>
						<OWNERSHIP-IND>Individual</OWNERSHIP-IND>
						<ACCOUNT-STATUS>Closed</ACCOUNT-STATUS>
						<DISBURSED-AMT>1,91,081</DISBURSED-AMT>
						<DISBURSED-DATE>25-06-2007</DISBURSED-DATE>
						<LAST-PAYMENT-DATE>12-07-2010</LAST-PAYMENT-DATE>
						<CLOSED-DATE>08-07-2010</CLOSED-DATE>
						<OVERDUE-AMT>0</OVERDUE-AMT>
						<WRITE-OFF-AMT>0</WRITE-OFF-AMT>
						<CURRENT-BAL>0</CURRENT-BAL>
						<SECURITY-STATUS>Un-secured</SECURITY-STATUS>
						<COMBINED-PAYMENT-HISTORY>Jun:2010,XXX/XXX|May:2010,XXX/XXX|Apr:2010,XXX/XXX|Mar:2010,XXX/XXX|Feb:2010,XXX/XXX|Jan:2010,XXX/XXX|Dec:2009,XXX/XXX|Nov:2009,XXX/XXX|Oct:2009,XXX/XXX|Sep:2009,XXX/XXX|Aug:2009,XXX/XXX|Jul:2009,XXX/XXX|Jun:2009,XXX/XXX|May:2009,XXX/XXX|Apr:2009,XXX/XXX|Mar:2009,XXX/XXX|Feb:2009,XXX/XXX|Jan:2009,XXX/XXX|Dec:2008,XXX/XXX|Nov:2008,XXX/XXX|Oct:2008,XXX/XXX|Sep:2008,XXX/XXX|Aug:2008,XXX/XXX|Jul:2008,XXX/XXX|Jun:2008,XXX/XXX|May:2008,XXX/XXX|Apr:2008,XXX/XXX|Mar:2008,XXX/XXX|Feb:2008,XXX/XXX|Jan:2008,XXX/XXX|Dec:2007,XXX/XXX|Nov:2007,XXX/XXX|Oct:2007,XXX/XXX|Sep:2007,XXX/XXX|Aug:2007,XXX/XXX|Jul:2007,XXX/XXX|</COMBINED-PAYMENT-HISTORY>
						<MATCHED-TYPE>PRIMARY</MATCHED-TYPE>
						<SECURITY-DETAILS></SECURITY-DETAILS>
						<LINKED-ACCOUNTS></LINKED-ACCOUNTS>
					</LOAN-DETAILS>
				</RESPONSE>
				<RESPONSE>
					<LOAN-DETAILS>
						<ACCT-NUMBER>XXXX</ACCT-NUMBER>
						<CREDIT-GUARANTOR>XXXX</CREDIT-GUARANTOR>
						<ACCT-TYPE>Credit Card</ACCT-TYPE>
						<DATE-REPORTED>08-01-2020</DATE-REPORTED>
						<OWNERSHIP-IND>Individual</OWNERSHIP-IND>
						<ACCOUNT-STATUS>Active</ACCOUNT-STATUS>
						<DISBURSED-AMT>1,03,171</DISBURSED-AMT>
						<DISBURSED-DATE>11-09-2007</DISBURSED-DATE>
						<OVERDUE-AMT>1,02,910</OVERDUE-AMT>
						<WRITE-OFF-AMT>0</WRITE-OFF-AMT>
						<CURRENT-BAL>1,03,171</CURRENT-BAL>
						<CREDIT-LIMIT>75,000</CREDIT-LIMIT>
						<SECURITY-STATUS>Un-secured</SECURITY-STATUS>
						<COMBINED-PAYMENT-HISTORY>Jan:2020,900/XXX|Dec:2019,900/XXX|Nov:2019,900/XXX|Oct:2019,900/XXX|Sep:2019,900/XXX|Aug:2019,900/XXX|Jul:2019,900/XXX|Jun:2019,900/XXX|May:2019,900/XXX|Apr:2019,900/XXX|Mar:2019,900/XXX|Feb:2019,900/XXX|Jan:2019,900/XXX|Dec:2018,900/XXX|Nov:2018,900/XXX|Oct:2018,900/XXX|Sep:2018,900/XXX|Aug:2018,900/XXX|Jul:2018,900/XXX|Jun:2018,900/XXX|May:2018,900/XXX|Apr:2018,900/XXX|Mar:2018,900/XXX|Feb:2018,900/XXX|Jan:2018,900/XXX|Dec:2017,900/XXX|Nov:2017,900/XXX|Oct:2017,900/XXX|Sep:2017,900/XXX|Aug:2017,900/XXX|Jul:2017,900/XXX|Jun:2017,900/XXX|May:2017,900/XXX|Apr:2017,900/XXX|Mar:2017,900/XXX|Feb:2017,900/XXX|</COMBINED-PAYMENT-HISTORY>
						<MATCHED-TYPE>PRIMARY</MATCHED-TYPE>
						<SECURITY-DETAILS></SECURITY-DETAILS>
						<LINKED-ACCOUNTS></LINKED-ACCOUNTS>
					</LOAN-DETAILS>
				</RESPONSE>
				<RESPONSE>
					<LOAN-DETAILS>
						<ACCT-NUMBER>XXXX</ACCT-NUMBER>
						<CREDIT-GUARANTOR>XXXX</CREDIT-GUARANTOR>
						<ACCT-TYPE>Credit Card</ACCT-TYPE>
						<DATE-REPORTED>08-01-2020</DATE-REPORTED>
						<OWNERSHIP-IND>Individual</OWNERSHIP-IND>
						<ACCOUNT-STATUS>Active</ACCOUNT-STATUS>
						<DISBURSED-AMT>3,03,814</DISBURSED-AMT>
						<DISBURSED-DATE>06-03-2009</DISBURSED-DATE>
						<OVERDUE-AMT>3,03,700</OVERDUE-AMT>
						<WRITE-OFF-AMT>0</WRITE-OFF-AMT>
						<CURRENT-BAL>3,03,814</CURRENT-BAL>
						<CREDIT-LIMIT>3,00,000</CREDIT-LIMIT>
						<SECURITY-STATUS>Un-secured</SECURITY-STATUS>
						<COMBINED-PAYMENT-HISTORY>Jan:2020,900/XXX|Dec:2019,900/XXX|Nov:2019,900/XXX|Oct:2019,900/XXX|Sep:2019,900/XXX|Aug:2019,900/XXX|Jul:2019,900/XXX|Jun:2019,900/XXX|May:2019,900/XXX|Apr:2019,900/XXX|Mar:2019,900/XXX|Feb:2019,900/XXX|Jan:2019,900/XXX|Dec:2018,900/XXX|Nov:2018,900/XXX|Oct:2018,900/XXX|Sep:2018,900/XXX|Aug:2018,900/XXX|Jul:2018,900/XXX|Jun:2018,900/XXX|May:2018,900/XXX|Apr:2018,900/XXX|Mar:2018,900/XXX|Feb:2018,900/XXX|Jan:2018,900/XXX|Dec:2017,900/XXX|Nov:2017,900/XXX|Oct:2017,900/XXX|Sep:2017,900/XXX|Aug:2017,900/XXX|Jul:2017,900/XXX|Jun:2017,900/XXX|May:2017,900/XXX|Apr:2017,900/XXX|Mar:2017,900/XXX|Feb:2017,900/XXX|</COMBINED-PAYMENT-HISTORY>
						<MATCHED-TYPE>PRIMARY</MATCHED-TYPE>
						<SECURITY-DETAILS></SECURITY-DETAILS>
						<LINKED-ACCOUNTS></LINKED-ACCOUNTS>
					</LOAN-DETAILS>
				</RESPONSE>
				<RESPONSE>
					<LOAN-DETAILS>
						<ACCT-NUMBER>XXXX</ACCT-NUMBER>
						<CREDIT-GUARANTOR>XXXX</CREDIT-GUARANTOR>
						<ACCT-TYPE>Gold Loan</ACCT-TYPE>
						<DATE-REPORTED>31-01-2020</DATE-REPORTED>
						<OWNERSHIP-IND>Individual</OWNERSHIP-IND>
						<ACCOUNT-STATUS>Active</ACCOUNT-STATUS>
						<DISBURSED-AMT>4,85,000</DISBURSED-AMT>
						<DISBURSED-DATE>22-03-2018</DISBURSED-DATE>
						<LAST-PAYMENT-DATE>17-01-2020</LAST-PAYMENT-DATE>
						<OVERDUE-AMT>0</OVERDUE-AMT>
						<WRITE-OFF-AMT>0</WRITE-OFF-AMT>
						<CURRENT-BAL>4,84,688</CURRENT-BAL>
						<SECURITY-STATUS>Secured</SECURITY-STATUS>
						<COMBINED-PAYMENT-HISTORY>Jan:2020,000/XXX|Dec:2019,000/XXX|Nov:2019,000/XXX|Oct:2019,000/XXX|Sep:2019,000/XXX|Aug:2019,000/XXX|Jul:2019,000/XXX|Jun:2019,DDD/DDD|May:2019,DDD/DDD|Apr:2019,000/XXX|Mar:2019,000/XXX|Feb:2019,000/XXX|Jan:2019,000/XXX|Dec:2018,000/XXX|Nov:2018,000/XXX|Oct:2018,000/XXX|Sep:2018,DDD/DDD|Aug:2018,000/XXX|Jul:2018,000/XXX|Jun:2018,000/XXX|May:2018,000/XXX|Apr:2018,000/XXX|Mar:2018,000/XXX|</COMBINED-PAYMENT-HISTORY>
						<MATCHED-TYPE>PRIMARY</MATCHED-TYPE>
						<SECURITY-DETAILS></SECURITY-DETAILS>
						<LINKED-ACCOUNTS></LINKED-ACCOUNTS>
					</LOAN-DETAILS>
				</RESPONSE>
				<RESPONSE>
					<LOAN-DETAILS>
						<ACCT-NUMBER>XXXX</ACCT-NUMBER>
						<CREDIT-GUARANTOR>XXXX</CREDIT-GUARANTOR>
						<ACCT-TYPE>Consumer Loan</ACCT-TYPE>
						<DATE-REPORTED>31-01-2020</DATE-REPORTED>
						<OWNERSHIP-IND>Individual</OWNERSHIP-IND>
						<ACCOUNT-STATUS>Active</ACCOUNT-STATUS>
						<DISBURSED-AMT>10,000</DISBURSED-AMT>
						<DISBURSED-DATE>04-01-2020</DISBURSED-DATE>
						<OVERDUE-AMT>0</OVERDUE-AMT>
						<WRITE-OFF-AMT>0</WRITE-OFF-AMT>
						<CURRENT-BAL>10,000</CURRENT-BAL>
						<SECURITY-STATUS>Un-secured</SECURITY-STATUS>
						<COMBINED-PAYMENT-HISTORY>Jan:2020,000/XXX|</COMBINED-PAYMENT-HISTORY>
						<MATCHED-TYPE>PRIMARY</MATCHED-TYPE>
						<SECURITY-DETAILS></SECURITY-DETAILS>
						<LINKED-ACCOUNTS></LINKED-ACCOUNTS>
					</LOAN-DETAILS>
				</RESPONSE>
				<RESPONSE>
					<LOAN-DETAILS>
						<ACCT-NUMBER>XXXX</ACCT-NUMBER>
						<CREDIT-GUARANTOR>XXXX</CREDIT-GUARANTOR>
						<ACCT-TYPE>Personal Loan</ACCT-TYPE>
						<DATE-REPORTED>31-01-2020</DATE-REPORTED>
						<OWNERSHIP-IND>Individual</OWNERSHIP-IND>
						<ACCOUNT-STATUS>Active</ACCOUNT-STATUS>
						<DISBURSED-AMT>3,10,161</DISBURSED-AMT>
						<DISBURSED-DATE>15-03-2019</DISBURSED-DATE>
						<LAST-PAYMENT-DATE>06-01-2020</LAST-PAYMENT-DATE>
						<OVERDUE-AMT>0</OVERDUE-AMT>
						<WRITE-OFF-AMT>0</WRITE-OFF-AMT>
						<CURRENT-BAL>2,75,254</CURRENT-BAL>
						<SECURITY-STATUS>Un-secured</SECURITY-STATUS>
						<COMBINED-PAYMENT-HISTORY>Jan:2020,000/XXX|Dec:2019,000/XXX|Nov:2019,000/XXX|Oct:2019,000/XXX|Sep:2019,000/XXX|Aug:2019,000/XXX|Jul:2019,000/XXX|Jun:2019,DDD/DDD|May:2019,DDD/DDD|Apr:2019,000/XXX|</COMBINED-PAYMENT-HISTORY>
						<MATCHED-TYPE>PRIMARY</MATCHED-TYPE>
						<SECURITY-DETAILS></SECURITY-DETAILS>
						<LINKED-ACCOUNTS></LINKED-ACCOUNTS>
					</LOAN-DETAILS>
				</RESPONSE>
				<RESPONSE>
					<LOAN-DETAILS>
						<ACCT-NUMBER>XXXX</ACCT-NUMBER>
						<CREDIT-GUARANTOR>XXXX</CREDIT-GUARANTOR>
						<ACCT-TYPE>Credit Card</ACCT-TYPE>
						<DATE-REPORTED>29-02-2020</DATE-REPORTED>
						<OWNERSHIP-IND>Individual</OWNERSHIP-IND>
						<ACCOUNT-STATUS>Closed</ACCOUNT-STATUS>
						<DISBURSED-AMT>1,46,436</DISBURSED-AMT>
						<DISBURSED-DATE>11-04-2006</DISBURSED-DATE>
						<LAST-PAYMENT-DATE>22-07-2015</LAST-PAYMENT-DATE>
						<OVERDUE-AMT>1,46,436</OVERDUE-AMT>
						<WRITE-OFF-AMT>96,627</WRITE-OFF-AMT>
						<CURRENT-BAL>1,46,436</CURRENT-BAL>
						<CREDIT-LIMIT>0</CREDIT-LIMIT>
						<SECURITY-STATUS>Un-secured</SECURITY-STATUS>
						<PRINCIPAL-WRITE-OFF-AMT>59,687</PRINCIPAL-WRITE-OFF-AMT>
						<COMBINED-PAYMENT-HISTORY>Feb:2020,190/XXX|Jan:2020,190/XXX|Dec:2019,190/XXX|Nov:2019,190/XXX|Oct:2019,190/XXX|Sep:2019,190/XXX|Aug:2019,190/XXX|Jul:2019,190/XXX|Jun:2019,190/XXX|May:2019,190/XXX|Apr:2019,190/XXX|Mar:2019,190/XXX|Feb:2019,DDD/DDD|Jan:2019,190/XXX|Dec:2018,190/XXX|Nov:2018,190/XXX|Oct:2018,190/XXX|Sep:2018,190/XXX|Aug:2018,190/XXX|Jul:2018,DDD/DDD|Jun:2018,190/XXX|May:2018,190/XXX|Apr:2018,190/XXX|Mar:2018,190/XXX|Feb:2018,DDD/DDD|Jan:2018,190/XXX|Dec:2017,190/XXX|Nov:2017,190/XXX|Oct:2017,190/XXX|Sep:2017,190/XXX|Aug:2017,190/XXX|Jul:2017,190/XXX|Jun:2017,190/XXX|May:2017,190/XXX|Apr:2017,XXX/XXX|Mar:2017,XXX/XXX|</COMBINED-PAYMENT-HISTORY>
						<MATCHED-TYPE>PRIMARY</MATCHED-TYPE>
						<WRITTEN-OFF_SETTLED-STATUS>Written-off</WRITTEN-OFF_SETTLED-STATUS>
						<CASH-LIMIT>0</CASH-LIMIT>
						<ACTUAL-PAYMENT>0</ACTUAL-PAYMENT>
						<SECURITY-DETAILS></SECURITY-DETAILS>
						<LINKED-ACCOUNTS></LINKED-ACCOUNTS>
					</LOAN-DETAILS>
				</RESPONSE>
				<RESPONSE>
					<LOAN-DETAILS>
						<ACCT-NUMBER>XXXX</ACCT-NUMBER>
						<CREDIT-GUARANTOR>XXXX</CREDIT-GUARANTOR>
						<ACCT-TYPE>Credit Card</ACCT-TYPE>
						<DATE-REPORTED>29-02-2020</DATE-REPORTED>
						<OWNERSHIP-IND>Individual</OWNERSHIP-IND>
						<ACCOUNT-STATUS>Active</ACCOUNT-STATUS>
						<DISBURSED-AMT>71,352</DISBURSED-AMT>
						<DISBURSED-DATE>04-07-2019</DISBURSED-DATE>
						<LAST-PAYMENT-DATE>25-02-2020</LAST-PAYMENT-DATE>
						<WRITE-OFF-AMT>0</WRITE-OFF-AMT>
						<CURRENT-BAL>51,828</CURRENT-BAL>
						<SECURITY-STATUS>Un-secured</SECURITY-STATUS>
						<COMBINED-PAYMENT-HISTORY>Feb:2020,000/XXX|Jan:2020,DDD/DDD|Dec:2019,000/XXX|Nov:2019,000/XXX|Oct:2019,000/XXX|Sep:2019,000/XXX|Aug:2019,000/XXX|</COMBINED-PAYMENT-HISTORY>
						<MATCHED-TYPE>PRIMARY</MATCHED-TYPE>
						<SECURITY-DETAILS></SECURITY-DETAILS>
						<LINKED-ACCOUNTS></LINKED-ACCOUNTS>
					</LOAN-DETAILS>
				</RESPONSE>
				<RESPONSE>
					<LOAN-DETAILS>
						<ACCT-NUMBER>XXXX</ACCT-NUMBER>
						<CREDIT-GUARANTOR>XXXX</CREDIT-GUARANTOR>
						<ACCT-TYPE>Credit Card</ACCT-TYPE>
						<DATE-REPORTED>31-01-2020</DATE-REPORTED>
						<OWNERSHIP-IND>Individual</OWNERSHIP-IND>
						<ACCOUNT-STATUS>Active</ACCOUNT-STATUS>
						<DISBURSED-AMT>47,687</DISBURSED-AMT>
						<DISBURSED-DATE>04-06-2019</DISBURSED-DATE>
						<LAST-PAYMENT-DATE>19-01-2020</LAST-PAYMENT-DATE>
						<OVERDUE-AMT>0</OVERDUE-AMT>
						<WRITE-OFF-AMT>0</WRITE-OFF-AMT>
						<CURRENT-BAL>42,592</CURRENT-BAL>
						<SECURITY-STATUS>Un-secured</SECURITY-STATUS>
						<COMBINED-PAYMENT-HISTORY>Jan:2020,000/XXX|Dec:2019,000/XXX|Nov:2019,000/XXX|Oct:2019,DDD/DDD|Sep:2019,000/XXX|Aug:2019,000/XXX|Jul:2019,000/XXX|Jun:2019,000/XXX|</COMBINED-PAYMENT-HISTORY>
						<MATCHED-TYPE>PRIMARY</MATCHED-TYPE>
						<SECURITY-DETAILS></SECURITY-DETAILS>
						<LINKED-ACCOUNTS></LINKED-ACCOUNTS>
					</LOAN-DETAILS>
				</RESPONSE>
				<RESPONSE>
					<LOAN-DETAILS>
						<ACCT-NUMBER>XXXX</ACCT-NUMBER>
						<CREDIT-GUARANTOR>XXXX</CREDIT-GUARANTOR>
						<ACCT-TYPE>Consumer Loan</ACCT-TYPE>
						<DATE-REPORTED>31-01-2020</DATE-REPORTED>
						<OWNERSHIP-IND>Individual</OWNERSHIP-IND>
						<ACCOUNT-STATUS>Active</ACCOUNT-STATUS>
						<DISBURSED-AMT>7,809</DISBURSED-AMT>
						<DISBURSED-DATE>26-01-2020</DISBURSED-DATE>
						<OVERDUE-AMT>0</OVERDUE-AMT>
						<WRITE-OFF-AMT>0</WRITE-OFF-AMT>
						<CURRENT-BAL>7,809</CURRENT-BAL>
						<SECURITY-STATUS>Un-secured</SECURITY-STATUS>
						<COMBINED-PAYMENT-HISTORY>Jan:2020,000/XXX|</COMBINED-PAYMENT-HISTORY>
						<MATCHED-TYPE>PRIMARY</MATCHED-TYPE>
						<SECURITY-DETAILS></SECURITY-DETAILS>
						<LINKED-ACCOUNTS></LINKED-ACCOUNTS>
					</LOAN-DETAILS>
				</RESPONSE>
				<RESPONSE>
					<LOAN-DETAILS>
						<ACCT-NUMBER>XXXX</ACCT-NUMBER>
						<CREDIT-GUARANTOR>XXXX</CREDIT-GUARANTOR>
						<ACCT-TYPE>Two-Wheeler Loan</ACCT-TYPE>
						<DATE-REPORTED>31-01-2020</DATE-REPORTED>
						<OWNERSHIP-IND>Individual</OWNERSHIP-IND>
						<ACCOUNT-STATUS>Active</ACCOUNT-STATUS>
						<DISBURSED-AMT>66,000</DISBURSED-AMT>
						<DISBURSED-DATE>26-06-2019</DISBURSED-DATE>
						<LAST-PAYMENT-DATE>10-01-2020</LAST-PAYMENT-DATE>
						<WRITE-OFF-AMT>0</WRITE-OFF-AMT>
						<CURRENT-BAL>52,663</CURRENT-BAL>
						<SECURITY-STATUS>Secured</SECURITY-STATUS>
						<PRINCIPAL-WRITE-OFF-AMT>0</PRINCIPAL-WRITE-OFF-AMT>
						<COMBINED-PAYMENT-HISTORY>Jan:2020,000/XXX|Dec:2019,000/XXX|Nov:2019,000/XXX|Oct:2019,000/XXX|Sep:2019,000/XXX|Aug:2019,000/XXX|Jul:2019,000/XXX|Jun:2019,000/XXX|</COMBINED-PAYMENT-HISTORY>
						<MATCHED-TYPE>PRIMARY</MATCHED-TYPE>
						<SETTLEMENT-AMT>0</SETTLEMENT-AMT>
						<SECURITY-DETAILS></SECURITY-DETAILS>
						<LINKED-ACCOUNTS></LINKED-ACCOUNTS>
					</LOAN-DETAILS>
				</RESPONSE>
				<RESPONSE>
					<LOAN-DETAILS>
						<ACCT-NUMBER>XXXX</ACCT-NUMBER>
						<CREDIT-GUARANTOR>XXXX</CREDIT-GUARANTOR>
						<ACCT-TYPE>Other</ACCT-TYPE>
						<DATE-REPORTED>28-02-2019</DATE-REPORTED>
						<OWNERSHIP-IND>Guarantor</OWNERSHIP-IND>
						<ACCOUNT-STATUS>Active</ACCOUNT-STATUS>
						<DISBURSED-AMT>5,00,000</DISBURSED-AMT>
						<DISBURSED-DATE>07-09-2016</DISBURSED-DATE>
						<LAST-PAYMENT-DATE>28-02-2019</LAST-PAYMENT-DATE>
						<INSTALLMENT-AMT>10,726</INSTALLMENT-AMT>
						<WRITE-OFF-AMT>0</WRITE-OFF-AMT>
						<CURRENT-BAL>3,74,551</CURRENT-BAL>
						<SECURITY-STATUS>Un-secured</SECURITY-STATUS>
						<COMBINED-PAYMENT-HISTORY>Feb:2019,XXX/SUB|Jan:2019,XXX/SUB|Dec:2018,DDD/DDD|Nov:2018,XXX/SUB|Oct:2018,XXX/SUB|Sep:2018,XXX/STD|Aug:2018,XXX/STD|Jul:2018,XXX/STD|Jun:2018,XXX/STD|May:2018,XXX/LOS|Apr:2018,XXX/LOS|Mar:2018,XXX/LOS|Feb:2018,XXX/LOS|Jan:2018,DDD/DDD|Dec:2017,DDD/DDD|Nov:2017,DDD/DDD|Oct:2017,DDD/DDD|Sep:2017,DDD/DDD|Aug:2017,DDD/DDD|Jul:2017,DDD/DDD|Jun:2017,XXX/STD|May:2017,XXX/STD|Apr:2017,XXX/XXX|Mar:2017,XXX/XXX|Feb:2017,XXX/XXX|Jan:2017,XXX/XXX|Dec:2016,XXX/XXX|Nov:2016,XXX/XXX|Oct:2016,XXX/XXX|</COMBINED-PAYMENT-HISTORY>
						<MATCHED-TYPE>PRIMARY</MATCHED-TYPE>
						<SECURITY-DETAILS></SECURITY-DETAILS>
						<LINKED-ACCOUNTS></LINKED-ACCOUNTS>
					</LOAN-DETAILS>
				</RESPONSE>
				<RESPONSE>
					<LOAN-DETAILS>
						<ACCT-NUMBER>XXXX</ACCT-NUMBER>
						<CREDIT-GUARANTOR>XXXX</CREDIT-GUARANTOR>
						<ACCT-TYPE>Personal Loan</ACCT-TYPE>
						<DATE-REPORTED>04-02-2020</DATE-REPORTED>
						<OWNERSHIP-IND>Individual</OWNERSHIP-IND>
						<ACCOUNT-STATUS>Closed</ACCOUNT-STATUS>
						<DISBURSED-AMT>5,000</DISBURSED-AMT>
						<DISBURSED-DATE>05-01-2020</DISBURSED-DATE>
						<LAST-PAYMENT-DATE>03-02-2020</LAST-PAYMENT-DATE>
						<CLOSED-DATE>03-02-2020</CLOSED-DATE>
						<OVERDUE-AMT>0</OVERDUE-AMT>
						<WRITE-OFF-AMT>0</WRITE-OFF-AMT>
						<CURRENT-BAL>0</CURRENT-BAL>
						<SECURITY-STATUS>Un-secured</SECURITY-STATUS>
						<COMBINED-PAYMENT-HISTORY>Feb:2020,000/STD|</COMBINED-PAYMENT-HISTORY>
						<MATCHED-TYPE>PRIMARY</MATCHED-TYPE>
						<SECURITY-DETAILS></SECURITY-DETAILS>
						<LINKED-ACCOUNTS></LINKED-ACCOUNTS>
					</LOAN-DETAILS>
				</RESPONSE>
				<RESPONSE>
					<LOAN-DETAILS>
						<ACCT-NUMBER>XXXX</ACCT-NUMBER>
						<CREDIT-GUARANTOR>XXXX</CREDIT-GUARANTOR>
						<ACCT-TYPE>Consumer Loan</ACCT-TYPE>
						<DATE-REPORTED>31-01-2020</DATE-REPORTED>
						<OWNERSHIP-IND>Individual</OWNERSHIP-IND>
						<ACCOUNT-STATUS>Active</ACCOUNT-STATUS>
						<DISBURSED-AMT>10,000</DISBURSED-AMT>
						<DISBURSED-DATE>31-07-2019</DISBURSED-DATE>
						<LAST-PAYMENT-DATE>02-01-2020</LAST-PAYMENT-DATE>
						<OVERDUE-AMT>0</OVERDUE-AMT>
						<WRITE-OFF-AMT>0</WRITE-OFF-AMT>
						<CURRENT-BAL>1,743</CURRENT-BAL>
						<SECURITY-STATUS>Un-secured</SECURITY-STATUS>
						<COMBINED-PAYMENT-HISTORY>Jan:2020,000/XXX|Dec:2019,000/XXX|Nov:2019,000/XXX|Oct:2019,000/XXX|Sep:2019,000/XXX|Aug:2019,000/XXX|</COMBINED-PAYMENT-HISTORY>
						<MATCHED-TYPE>PRIMARY</MATCHED-TYPE>
						<SECURITY-DETAILS></SECURITY-DETAILS>
						<LINKED-ACCOUNTS></LINKED-ACCOUNTS>
					</LOAN-DETAILS>
				</RESPONSE>
				<RESPONSE>
					<LOAN-DETAILS>
						<ACCT-NUMBER>XXXX</ACCT-NUMBER>
						<CREDIT-GUARANTOR>XXXX</CREDIT-GUARANTOR>
						<ACCT-TYPE>Personal Loan</ACCT-TYPE>
						<DATE-REPORTED>31-01-2020</DATE-REPORTED>
						<OWNERSHIP-IND>Individual</OWNERSHIP-IND>
						<ACCOUNT-STATUS>Closed</ACCOUNT-STATUS>
						<DISBURSED-AMT>84,257</DISBURSED-AMT>
						<DISBURSED-DATE>12-11-2019</DISBURSED-DATE>
						<LAST-PAYMENT-DATE>08-01-2020</LAST-PAYMENT-DATE>
						<CLOSED-DATE>10-10-2019</CLOSED-DATE>
						<OVERDUE-AMT>0</OVERDUE-AMT>
						<WRITE-OFF-AMT>0</WRITE-OFF-AMT>
						<CURRENT-BAL>76,795</CURRENT-BAL>
						<CREDIT-LIMIT>84,257</CREDIT-LIMIT>
						<SECURITY-STATUS>Un-secured</SECURITY-STATUS>
						<PRINCIPAL-WRITE-OFF-AMT>0</PRINCIPAL-WRITE-OFF-AMT>
						<COMBINED-PAYMENT-HISTORY></COMBINED-PAYMENT-HISTORY>
						<MATCHED-TYPE>PRIMARY</MATCHED-TYPE>
						<CASH-LIMIT>84,257</CASH-LIMIT>
						<SETTLEMENT-AMT>0</SETTLEMENT-AMT>
						<SECURITY-DETAILS></SECURITY-DETAILS>
						<LINKED-ACCOUNTS></LINKED-ACCOUNTS>
					</LOAN-DETAILS>
				</RESPONSE>
				<RESPONSE>
					<LOAN-DETAILS>
						<ACCT-NUMBER>XXXX</ACCT-NUMBER>
						<CREDIT-GUARANTOR>XXXX</CREDIT-GUARANTOR>
						<ACCT-TYPE>Gold Loan</ACCT-TYPE>
						<DATE-REPORTED>21-02-2019</DATE-REPORTED>
						<OWNERSHIP-IND>Individual</OWNERSHIP-IND>
						<ACCOUNT-STATUS>Closed</ACCOUNT-STATUS>
						<DISBURSED-AMT>1,32,000</DISBURSED-AMT>
						<DISBURSED-DATE>07-12-2017</DISBURSED-DATE>
						<LAST-PAYMENT-DATE>31-01-2019</LAST-PAYMENT-DATE>
						<CLOSED-DATE>21-02-2019</CLOSED-DATE>
						<INSTALLMENT-AMT>1,46,257</INSTALLMENT-AMT>
						<OVERDUE-AMT>0</OVERDUE-AMT>
						<WRITE-OFF-AMT>0</WRITE-OFF-AMT>
						<CURRENT-BAL>0</CURRENT-BAL>
						<SECURITY-STATUS>Secured</SECURITY-STATUS>
						<COMBINED-PAYMENT-HISTORY>Feb:2019,080/STD|Jan:2019,080/STD|Dec:2018,049/STD|Nov:2018,018/STD|Oct:2018,XXX/STD|Sep:2018,XXX/STD|Aug:2018,XXX/STD|Jul:2018,XXX/STD|Jun:2018,XXX/STD|May:2018,XXX/STD|Apr:2018,XXX/STD|Mar:2018,XXX/STD|Feb:2018,XXX/STD|Jan:2018,XXX/STD|Dec:2017,XXX/STD|</COMBINED-PAYMENT-HISTORY>
						<MATCHED-TYPE>PRIMARY</MATCHED-TYPE>
						<SECURITY-DETAILS>
							<SECURITY-DETAIL>
								<SECURITY-TYPE>Gold</SECURITY-TYPE>
								<OWNER-NAME></OWNER-NAME>
								<SECURITY-VALUE>1,98,900</SECURITY-VALUE>
								<DATE-OF-VALUE></DATE-OF-VALUE>
								<SECURITY-CHARGE></SECURITY-CHARGE>
								<PROPERTY-ADDRESS></PROPERTY-ADDRESS>
								<AUTOMOBILE-TYPE></AUTOMOBILE-TYPE>
								<YEAR-OF-MANUFACTURE></YEAR-OF-MANUFACTURE>
								<REGISTRATION-NUMBER></REGISTRATION-NUMBER>
								<ENGINE-NUMBER></ENGINE-NUMBER>
								<CHASSIS-NUMBER></CHASSIS-NUMBER>
							</SECURITY-DETAIL>
						</SECURITY-DETAILS>
						<LINKED-ACCOUNTS></LINKED-ACCOUNTS>
					</LOAN-DETAILS>
				</RESPONSE>
			</RESPONSES>
			<INDV-RESPONSES>
				<PRIMARY-SUMMARY>
					<NO-OF-DEFAULT-ACCOUNTS>0</NO-OF-DEFAULT-ACCOUNTS>
					<TOTAL-RESPONSES>0</TOTAL-RESPONSES>
					<NO-OF-CLOSED-ACCOUNTS>0</NO-OF-CLOSED-ACCOUNTS>
					<NO-OF-ACTIVE-ACCOUNTS>0</NO-OF-ACTIVE-ACCOUNTS>
					<NO-OF-OTHER-MFIS>0</NO-OF-OTHER-MFIS>
					<NO-OF-OWN-MFIS>0</NO-OF-OWN-MFIS>
				</PRIMARY-SUMMARY>
				<SECONDARY-SUMMARY>
					<NO-OF-DEFAULT-ACCOUNTS>0</NO-OF-DEFAULT-ACCOUNTS>
					<TOTAL-RESPONSES>0</TOTAL-RESPONSES>
					<NO-OF-CLOSED-ACCOUNTS>0</NO-OF-CLOSED-ACCOUNTS>
					<NO-OF-ACTIVE-ACCOUNTS>0</NO-OF-ACTIVE-ACCOUNTS>
					<NO-OF-OTHER-MFIS>0</NO-OF-OTHER-MFIS>
					<NO-OF-OWN-MFIS>0</NO-OF-OWN-MFIS>
				</SECONDARY-SUMMARY>
				<SUMMARY>
					<STATUS>SUCCESS</STATUS>
					<TOTAL-RESPONSES>0</TOTAL-RESPONSES>
					<NO-OF-OTHER-MFIS>0</NO-OF-OTHER-MFIS>
					<NO-OF-DEFAULT-ACCOUNTS>0</NO-OF-DEFAULT-ACCOUNTS>
					<OWN-MFI-INDECATOR>false</OWN-MFI-INDECATOR>
					<NO-OF-CLOSED-ACCOUNTS>0</NO-OF-CLOSED-ACCOUNTS>
					<NO-OF-ACTIVE-ACCOUNTS>0</NO-OF-ACTIVE-ACCOUNTS>
					<NO-OF-OWN-MFIS>0</NO-OF-OWN-MFIS>
				</SUMMARY>
				<INDV-RESPONSE-LIST></INDV-RESPONSE-LIST>
			</INDV-RESPONSES>
			<GRP-RESPONSES>
				<PRIMARY-SUMMARY>
					<NO-OF-DEFAULT-ACCOUNTS>0</NO-OF-DEFAULT-ACCOUNTS>
					<TOTAL-RESPONSES>0</TOTAL-RESPONSES>
					<NO-OF-CLOSED-ACCOUNTS>0</NO-OF-CLOSED-ACCOUNTS>
					<NO-OF-ACTIVE-ACCOUNTS>0</NO-OF-ACTIVE-ACCOUNTS>
					<NO-OF-OTHER-MFIS>0</NO-OF-OTHER-MFIS>
					<NO-OF-OWN-MFIS>0</NO-OF-OWN-MFIS>
				</PRIMARY-SUMMARY>
				<SECONDARY-SUMMARY>
					<NO-OF-DEFAULT-ACCOUNTS>0</NO-OF-DEFAULT-ACCOUNTS>
					<TOTAL-RESPONSES>0</TOTAL-RESPONSES>
					<NO-OF-CLOSED-ACCOUNTS>0</NO-OF-CLOSED-ACCOUNTS>
					<NO-OF-ACTIVE-ACCOUNTS>0</NO-OF-ACTIVE-ACCOUNTS>
					<NO-OF-OTHER-MFIS>0</NO-OF-OTHER-MFIS>
					<NO-OF-OWN-MFIS>0</NO-OF-OWN-MFIS>
				</SECONDARY-SUMMARY>
				<SUMMARY>
					<STATUS>SUCCESS</STATUS>
					<TOTAL-RESPONSES>0</TOTAL-RESPONSES>
					<NO-OF-OTHER-MFIS>0</NO-OF-OTHER-MFIS>
					<NO-OF-DEFAULT-ACCOUNTS>0</NO-OF-DEFAULT-ACCOUNTS>
					<OWN-MFI-INDECATOR>false</OWN-MFI-INDECATOR>
					<NO-OF-CLOSED-ACCOUNTS>0</NO-OF-CLOSED-ACCOUNTS>
					<NO-OF-ACTIVE-ACCOUNTS>0</NO-OF-ACTIVE-ACCOUNTS>
					<NO-OF-OWN-MFIS>0</NO-OF-OWN-MFIS>
				</SUMMARY>
				<GRP-RESPONSE-LIST></GRP-RESPONSE-LIST>
			</GRP-RESPONSES>
		</INDV-REPORT>
	</INDV-REPORTS>
</INDV-REPORT-FILE>