<?xml version="1.0" encoding="utf-8"?>
<INDV-REPORT-FILE>
	<INDV-REPORTS>
		<INDV-REPORT>
			<HEADER>
				<DATE-OF-REQUEST>17-04-2019 06:28:01</DATE-OF-REQUEST>
				<PREPARED-FOR>FICCL GOUPWARDS</PREPARED-FOR>
				<PREPARED-FOR-ID>NBF0002574</PREPARED-FOR-ID>
				<DATE-OF-ISSUE>17-04-2019</DATE-OF-ISSUE>
				<BATCH-ID>330224309190417</BATCH-ID>
				<REPORT-ID>FICC190417CR422344798</REPORT-ID>
			</HEADER>
			<STATUS-DETAILS>
				<STATUS>
					<OPTION>CNS-SCORE</OPTION>
					<OPTION-STATUS>SUCCESS</OPTION-STATUS>
					<ERRORS></ERRORS>
				</STATUS>
				<STATUS>
					<OPTION>MFI-INDV</OPTION>
					<OPTION-STATUS>NO RESPONSE FOUND</OPTION-STATUS>
					<ERRORS>
						<ERROR></ERROR>
					</ERRORS>
				</STATUS>
				<STATUS>
					<OPTION>MFI-GRP</OPTION>
					<OPTION-STATUS>NO RESPONSE FOUND</OPTION-STATUS>
					<ERRORS>
						<ERROR></ERROR>
					</ERRORS>
				</STATUS>
				<STATUS>
					<OPTION>CNS_INDV</OPTION>
					<OPTION-STATUS>SUCCESS</OPTION-STATUS>
					<ERRORS></ERRORS>
				</STATUS>
				<STATUS>
					<OPTION>INQUIRY-HISTORY</OPTION>
					<OPTION-STATUS>SUCCESS</OPTION-STATUS>
					<ERRORS></ERRORS>
				</STATUS>
			</STATUS-DETAILS>
			<SECONDARY-MATCHES></SECONDARY-MATCHES>
			<ACCOUNTS-SUMMARY>
				<DERIVED-ATTRIBUTES>
					<INQUIRIES-IN-LAST-SIX-MONTHS>4</INQUIRIES-IN-LAST-SIX-MONTHS>
					<LENGTH-OF-CREDIT-HISTORY-YEAR>5</LENGTH-OF-CREDIT-HISTORY-YEAR>
					<LENGTH-OF-CREDIT-HISTORY-MONTH>1</LENGTH-OF-CREDIT-HISTORY-MONTH>
					<AVERAGE-ACCOUNT-AGE-YEAR>1</AVERAGE-ACCOUNT-AGE-YEAR>
					<AVERAGE-ACCOUNT-AGE-MONTH>0</AVERAGE-ACCOUNT-AGE-MONTH>
					<NEW-ACCOUNTS-IN-LAST-SIX-MONTHS>7</NEW-ACCOUNTS-IN-LAST-SIX-MONTHS>
					<NEW-DELINQ-ACCOUNT-IN-LAST-SIX-MONTHS>0</NEW-DELINQ-ACCOUNT-IN-LAST-SIX-MONTHS>
				</DERIVED-ATTRIBUTES>
				<PRIMARY-ACCOUNTS-SUMMARY>
					<PRIMARY-NUMBER-OF-ACCOUNTS>28</PRIMARY-NUMBER-OF-ACCOUNTS>
					<PRIMARY-ACTIVE-NUMBER-OF-ACCOUNTS>12</PRIMARY-ACTIVE-NUMBER-OF-ACCOUNTS>
					<PRIMARY-OVERDUE-NUMBER-OF-ACCOUNTS>0</PRIMARY-OVERDUE-NUMBER-OF-ACCOUNTS>
					<PRIMARY-SECURED-NUMBER-OF-ACCOUNTS>0</PRIMARY-SECURED-NUMBER-OF-ACCOUNTS>
					<PRIMARY-UNSECURED-NUMBER-OF-ACCOUNTS>0</PRIMARY-UNSECURED-NUMBER-OF-ACCOUNTS>
					<PRIMARY-UNTAGGED-NUMBER-OF-ACCOUNTS>0</PRIMARY-UNTAGGED-NUMBER-OF-ACCOUNTS>
					<PRIMARY-CURRENT-BALANCE>427940</PRIMARY-CURRENT-BALANCE>
					<PRIMARY-SANCTIONED-AMOUNT>665568</PRIMARY-SANCTIONED-AMOUNT>
					<PRIMARY-DISBURSED-AMOUNT>665568</PRIMARY-DISBURSED-AMOUNT>
				</PRIMARY-ACCOUNTS-SUMMARY>
				<SECONDARY-ACCOUNTS-SUMMARY>
					<SECONDARY-NUMBER-OF-ACCOUNTS>0</SECONDARY-NUMBER-OF-ACCOUNTS>
					<SECONDARY-ACTIVE-NUMBER-OF-ACCOUNTS>0</SECONDARY-ACTIVE-NUMBER-OF-ACCOUNTS>
					<SECONDARY-OVERDUE-NUMBER-OF-ACCOUNTS>0</SECONDARY-OVERDUE-NUMBER-OF-ACCOUNTS>
					<SECONDARY-SECURED-NUMBER-OF-ACCOUNTS>0</SECONDARY-SECURED-NUMBER-OF-ACCOUNTS>
					<SECONDARY-UNSECURED-NUMBER-OF-ACCOUNTS>0</SECONDARY-UNSECURED-NUMBER-OF-ACCOUNTS>
					<SECONDARY-UNTAGGED-NUMBER-OF-ACCOUNTS>0</SECONDARY-UNTAGGED-NUMBER-OF-ACCOUNTS>
					<SECONDARY-CURRENT-BALANCE>0</SECONDARY-CURRENT-BALANCE>
					<SECONDARY-SANCTIONED-AMOUNT>0</SECONDARY-SANCTIONED-AMOUNT>
					<SECONDARY-DISBURSED-AMOUNT>0</SECONDARY-DISBURSED-AMOUNT>
				</SECONDARY-ACCOUNTS-SUMMARY>
			</ACCOUNTS-SUMMARY>
			<ALERTS>
				<ALERT>
					<ALERT-DESC>NO</ALERT-DESC>
				</ALERT>
			</ALERTS>
			<SCORES>
				<SCORE>
					<SCORE-TYPE>PERFORM-Consumer</SCORE-TYPE>
					<SCORE-VALUE>631</SCORE-VALUE>
					<SCORE-COMMENTS>K-Very High Risk</SCORE-COMMENTS>
				</SCORE>
			</SCORES>
			<INQUIRY-HISTORY>
				<HISTORY>
					<MEMBER-NAME>XXXX</MEMBER-NAME>
					<INQUIRY-DATE>27-11-2018</INQUIRY-DATE>
					<PURPOSE>OTHER</PURPOSE>
					<AMOUNT>0</AMOUNT>
					<REMARK></REMARK>
				</HISTORY>
				<HISTORY>
					<MEMBER-NAME>XXXX</MEMBER-NAME>
					<INQUIRY-DATE>25-11-2017</INQUIRY-DATE>
					<PURPOSE>Working Capital Loans</PURPOSE>
					<AMOUNT>2,00,000</AMOUNT>
					<REMARK></REMARK>
				</HISTORY>
				<HISTORY>
					<MEMBER-NAME>XXXX</MEMBER-NAME>
					<INQUIRY-DATE>26-07-2017</INQUIRY-DATE>
					<PURPOSE>OTHER</PURPOSE>
					<AMOUNT>1,000</AMOUNT>
					<REMARK></REMARK>
				</HISTORY>
				<HISTORY>
					<MEMBER-NAME>XXXX</MEMBER-NAME>
					<INQUIRY-DATE>23-05-2018</INQUIRY-DATE>
					<PURPOSE>Working Capital Loans</PURPOSE>
					<AMOUNT>2,00,000</AMOUNT>
					<REMARK></REMARK>
				</HISTORY>
			</INQUIRY-HISTORY>
			<RESPONSES>
				<RESPONSE>
					<LOAN-DETAILS>
						<ACCT-NUMBER>XXXX</ACCT-NUMBER>
						<CREDIT-GUARANTOR>XXXX</CREDIT-GUARANTOR>
						<ACCT-TYPE>Consumer Loan</ACCT-TYPE>
						<DATE-REPORTED>31-12-2018</DATE-REPORTED>
						<OWNERSHIP-IND>Individual</OWNERSHIP-IND>
						<ACCOUNT-STATUS>Closed</ACCOUNT-STATUS>
						<DISBURSED-AMT>33,000</DISBURSED-AMT>
						<DISBURSED-DATE>26-07-2018</DISBURSED-DATE>
						<LAST-PAYMENT-DATE>05-12-2018</LAST-PAYMENT-DATE>
						<CLOSED-DATE>10-12-2018</CLOSED-DATE>
						<INSTALLMENT-AMT>4,125/Monthly</INSTALLMENT-AMT>
						<OVERDUE-AMT>0</OVERDUE-AMT>
						<WRITE-OFF-AMT>0</WRITE-OFF-AMT>
						<CURRENT-BAL>0</CURRENT-BAL>
						<SECURITY-STATUS>Un-secured</SECURITY-STATUS>
						<COMBINED-PAYMENT-HISTORY>Dec:2018,000/XXX|Nov:2018,DDD/DDD|Oct:2018,000/XXX|Sep:2018,000/XXX|Aug:2018,000/XXX|Jul:2018,000/XXX|</COMBINED-PAYMENT-HISTORY>
						<MATCHED-TYPE>PRIMARY</MATCHED-TYPE>
						<REPAYMENT-TENURE>8</REPAYMENT-TENURE>
						<SUIT-FILED_WILFUL-DEFAULT>No Suit filed</SUIT-FILED_WILFUL-DEFAULT>
						<ACTUAL-PAYMENT>33,000</ACTUAL-PAYMENT>
						<SECURITY-DETAILS></SECURITY-DETAILS>
						<LINKED-ACCOUNTS></LINKED-ACCOUNTS>
					</LOAN-DETAILS>
				</RESPONSE>
				<RESPONSE>
					<LOAN-DETAILS>
						<ACCT-NUMBER>XXXX</ACCT-NUMBER>
						<CREDIT-GUARANTOR>XXXX</CREDIT-GUARANTOR>
						<ACCT-TYPE>Consumer Loan</ACCT-TYPE>
						<DATE-REPORTED>31-01-2019</DATE-REPORTED>
						<OWNERSHIP-IND>Individual</OWNERSHIP-IND>
						<ACCOUNT-STATUS>Active</ACCOUNT-STATUS>
						<DISBURSED-AMT>44,990</DISBURSED-AMT>
						<DISBURSED-DATE>07-12-2018</DISBURSED-DATE>
						<LAST-PAYMENT-DATE>02-01-2019</LAST-PAYMENT-DATE>
						<INSTALLMENT-AMT>3,750/Monthly</INSTALLMENT-AMT>
						<OVERDUE-AMT>0</OVERDUE-AMT>
						<WRITE-OFF-AMT>0</WRITE-OFF-AMT>
						<CURRENT-BAL>26,240</CURRENT-BAL>
						<SECURITY-STATUS>Un-secured</SECURITY-STATUS>
						<COMBINED-PAYMENT-HISTORY>Jan:2019,000/XXX|Dec:2018,000/XXX|</COMBINED-PAYMENT-HISTORY>
						<MATCHED-TYPE>PRIMARY</MATCHED-TYPE>
						<REPAYMENT-TENURE>12</REPAYMENT-TENURE>
						<SUIT-FILED_WILFUL-DEFAULT>No Suit filed</SUIT-FILED_WILFUL-DEFAULT>
						<ACTUAL-PAYMENT>3,750</ACTUAL-PAYMENT>
						<SECURITY-DETAILS></SECURITY-DETAILS>
						<LINKED-ACCOUNTS></LINKED-ACCOUNTS>
					</LOAN-DETAILS>
				</RESPONSE>
				<RESPONSE>
					<LOAN-DETAILS>
						<ACCT-NUMBER>XXXX</ACCT-NUMBER>
						<CREDIT-GUARANTOR>XXXX</CREDIT-GUARANTOR>
						<ACCT-TYPE>Credit Card</ACCT-TYPE>
						<DATE-REPORTED>31-03-2019</DATE-REPORTED>
						<OWNERSHIP-IND>Individual</OWNERSHIP-IND>
						<ACCOUNT-STATUS>Active</ACCOUNT-STATUS>
						<DISBURSED-AMT>17,926</DISBURSED-AMT>
						<DISBURSED-DATE>22-03-2019</DISBURSED-DATE>
						<OVERDUE-AMT>0</OVERDUE-AMT>
						<WRITE-OFF-AMT>0</WRITE-OFF-AMT>
						<CURRENT-BAL>17,926</CURRENT-BAL>
						<SECURITY-STATUS>Un-secured</SECURITY-STATUS>
						<COMBINED-PAYMENT-HISTORY>Mar:2019,000/XXX|</COMBINED-PAYMENT-HISTORY>
						<MATCHED-TYPE>PRIMARY</MATCHED-TYPE>
						<SECURITY-DETAILS></SECURITY-DETAILS>
						<LINKED-ACCOUNTS></LINKED-ACCOUNTS>
					</LOAN-DETAILS>
				</RESPONSE>
				<RESPONSE>
					<LOAN-DETAILS>
						<ACCT-NUMBER>XXXX</ACCT-NUMBER>
						<CREDIT-GUARANTOR>XXXX</CREDIT-GUARANTOR>
						<ACCT-TYPE>Personal Loan</ACCT-TYPE>
						<DATE-REPORTED>28-02-2019</DATE-REPORTED>
						<OWNERSHIP-IND>Individual</OWNERSHIP-IND>
						<ACCOUNT-STATUS>Closed</ACCOUNT-STATUS>
						<DISBURSED-AMT>1,00,000</DISBURSED-AMT>
						<DISBURSED-DATE>12-09-2017</DISBURSED-DATE>
						<CLOSED-DATE>22-05-2018</CLOSED-DATE>
						<INSTALLMENT-AMT>6,381</INSTALLMENT-AMT>
						<OVERDUE-AMT>0</OVERDUE-AMT>
						<WRITE-OFF-AMT>0</WRITE-OFF-AMT>
						<CURRENT-BAL>0</CURRENT-BAL>
						<SECURITY-STATUS>Un-secured</SECURITY-STATUS>
						<COMBINED-PAYMENT-HISTORY>May:2018,000/XXX|Apr:2018,000/XXX|Mar:2018,000/XXX|Feb:2018,000/XXX|Jan:2018,000/XXX|Dec:2017,000/XXX|Nov:2017,000/XXX|Oct:2017,000/XXX|Sep:2017,000/XXX|</COMBINED-PAYMENT-HISTORY>
						<MATCHED-TYPE>PRIMARY</MATCHED-TYPE>
						<SECURITY-DETAILS>
							<SECURITY-DETAIL>
								<SECURITY-TYPE>No Collateral</SECURITY-TYPE>
								<OWNER-NAME></OWNER-NAME>
								<SECURITY-VALUE>0</SECURITY-VALUE>
								<DATE-OF-VALUE></DATE-OF-VALUE>
								<SECURITY-CHARGE></SECURITY-CHARGE>
								<PROPERTY-ADDRESS></PROPERTY-ADDRESS>
								<AUTOMOBILE-TYPE></AUTOMOBILE-TYPE>
								<YEAR-OF-MANUFACTURE></YEAR-OF-MANUFACTURE>
								<REGISTRATION-NUMBER></REGISTRATION-NUMBER>
								<ENGINE-NUMBER></ENGINE-NUMBER>
								<CHASSIS-NUMBER></CHASSIS-NUMBER>
							</SECURITY-DETAIL>
						</SECURITY-DETAILS>
						<LINKED-ACCOUNTS></LINKED-ACCOUNTS>
					</LOAN-DETAILS>
				</RESPONSE>
				<RESPONSE>
					<LOAN-DETAILS>
						<ACCT-NUMBER>XXXX</ACCT-NUMBER>
						<CREDIT-GUARANTOR>XXXX</CREDIT-GUARANTOR>
						<ACCT-TYPE>Personal Loan</ACCT-TYPE>
						<DATE-REPORTED>28-02-2019</DATE-REPORTED>
						<OWNERSHIP-IND>Individual</OWNERSHIP-IND>
						<ACCOUNT-STATUS>Active</ACCOUNT-STATUS>
						<DISBURSED-AMT>52,602</DISBURSED-AMT>
						<DISBURSED-DATE>13-12-2017</DISBURSED-DATE>
						<OVERDUE-AMT>0</OVERDUE-AMT>
						<WRITE-OFF-AMT>0</WRITE-OFF-AMT>
						<CURRENT-BAL>40,735</CURRENT-BAL>
						<SECURITY-STATUS>Un-secured</SECURITY-STATUS>
						<COMBINED-PAYMENT-HISTORY>Feb:2019,000/STD|Jan:2019,000/STD|Dec:2018,000/STD|Nov:2018,000/STD|Oct:2018,000/STD|Sep:2018,000/STD|Aug:2018,000/STD|Jul:2018,000/STD|Jun:2018,000/STD|May:2018,000/STD|Apr:2018,000/STD|Mar:2018,000/STD|Feb:2018,XXX/XXX|Jan:2018,XXX/XXX|</COMBINED-PAYMENT-HISTORY>
						<MATCHED-TYPE>PRIMARY</MATCHED-TYPE>
						<REPAYMENT-TENURE>48</REPAYMENT-TENURE>
						<SECURITY-DETAILS></SECURITY-DETAILS>
						<LINKED-ACCOUNTS></LINKED-ACCOUNTS>
					</LOAN-DETAILS>
				</RESPONSE>
				<RESPONSE>
					<LOAN-DETAILS>
						<ACCT-NUMBER>XXXX</ACCT-NUMBER>
						<CREDIT-GUARANTOR>XXXX</CREDIT-GUARANTOR>
						<ACCT-TYPE>Personal Loan</ACCT-TYPE>
						<DATE-REPORTED>31-12-2018</DATE-REPORTED>
						<OWNERSHIP-IND>Individual</OWNERSHIP-IND>
						<ACCOUNT-STATUS>Closed</ACCOUNT-STATUS>
						<DISBURSED-AMT>6,000</DISBURSED-AMT>
						<DISBURSED-DATE>05-11-2018</DISBURSED-DATE>
						<LAST-PAYMENT-DATE>08-11-2018</LAST-PAYMENT-DATE>
						<CLOSED-DATE>08-11-2018</CLOSED-DATE>
						<INSTALLMENT-AMT>6,000/Weekly</INSTALLMENT-AMT>
						<OVERDUE-AMT>0</OVERDUE-AMT>
						<WRITE-OFF-AMT>0</WRITE-OFF-AMT>
						<CURRENT-BAL>0</CURRENT-BAL>
						<SECURITY-STATUS>Un-secured</SECURITY-STATUS>
						<COMBINED-PAYMENT-HISTORY>Nov:2018,000/XXX|</COMBINED-PAYMENT-HISTORY>
						<MATCHED-TYPE>PRIMARY</MATCHED-TYPE>
						<REPAYMENT-TENURE>1</REPAYMENT-TENURE>
						<ACTUAL-PAYMENT>0</ACTUAL-PAYMENT>
						<SECURITY-DETAILS></SECURITY-DETAILS>
						<LINKED-ACCOUNTS></LINKED-ACCOUNTS>
					</LOAN-DETAILS>
				</RESPONSE>
				<RESPONSE>
					<LOAN-DETAILS>
						<ACCT-NUMBER>XXXX</ACCT-NUMBER>
						<CREDIT-GUARANTOR>XXXX</CREDIT-GUARANTOR>
						<ACCT-TYPE>Credit Card</ACCT-TYPE>
						<DATE-REPORTED>08-11-2016</DATE-REPORTED>
						<OWNERSHIP-IND>Individual</OWNERSHIP-IND>
						<ACCOUNT-STATUS>Closed</ACCOUNT-STATUS>
						<DISBURSED-AMT>38,221</DISBURSED-AMT>
						<DISBURSED-DATE>09-03-2016</DISBURSED-DATE>
						<LAST-PAYMENT-DATE>01-10-2016</LAST-PAYMENT-DATE>
						<CLOSED-DATE>05-10-2016</CLOSED-DATE>
						<OVERDUE-AMT>0</OVERDUE-AMT>
						<WRITE-OFF-AMT>0</WRITE-OFF-AMT>
						<CURRENT-BAL>0</CURRENT-BAL>
						<SECURITY-STATUS>Un-secured</SECURITY-STATUS>
						<COMBINED-PAYMENT-HISTORY>Oct:2016,DDD/DDD|Sep:2016,000/XXX|Aug:2016,000/XXX|Jul:2016,000/XXX|Jun:2016,000/XXX|May:2016,000/XXX|Apr:2016,000/XXX|</COMBINED-PAYMENT-HISTORY>
						<MATCHED-TYPE>PRIMARY</MATCHED-TYPE>
						<SECURITY-DETAILS></SECURITY-DETAILS>
						<LINKED-ACCOUNTS></LINKED-ACCOUNTS>
					</LOAN-DETAILS>
				</RESPONSE>
				<RESPONSE>
					<LOAN-DETAILS>
						<ACCT-NUMBER>XXXX</ACCT-NUMBER>
						<CREDIT-GUARANTOR>XXXX</CREDIT-GUARANTOR>
						<ACCT-TYPE>Personal Loan</ACCT-TYPE>
						<DATE-REPORTED>31-12-2018</DATE-REPORTED>
						<OWNERSHIP-IND>Individual</OWNERSHIP-IND>
						<ACCOUNT-STATUS>Closed</ACCOUNT-STATUS>
						<DISBURSED-AMT>10,000</DISBURSED-AMT>
						<DISBURSED-DATE>17-10-2018</DISBURSED-DATE>
						<LAST-PAYMENT-DATE>02-11-2018</LAST-PAYMENT-DATE>
						<CLOSED-DATE>02-11-2018</CLOSED-DATE>
						<INSTALLMENT-AMT>10,000/Weekly</INSTALLMENT-AMT>
						<OVERDUE-AMT>0</OVERDUE-AMT>
						<WRITE-OFF-AMT>0</WRITE-OFF-AMT>
						<CURRENT-BAL>0</CURRENT-BAL>
						<SECURITY-STATUS>Un-secured</SECURITY-STATUS>
						<COMBINED-PAYMENT-HISTORY>Nov:2018,DDD/DDD|Oct:2018,XXX/XXX|</COMBINED-PAYMENT-HISTORY>
						<MATCHED-TYPE>PRIMARY</MATCHED-TYPE>
						<REPAYMENT-TENURE>1</REPAYMENT-TENURE>
						<ACTUAL-PAYMENT>0</ACTUAL-PAYMENT>
						<SECURITY-DETAILS></SECURITY-DETAILS>
						<LINKED-ACCOUNTS></LINKED-ACCOUNTS>
					</LOAN-DETAILS>
				</RESPONSE>
				<RESPONSE>
					<LOAN-DETAILS>
						<ACCT-NUMBER>XXXX</ACCT-NUMBER>
						<CREDIT-GUARANTOR>XXXX</CREDIT-GUARANTOR>
						<ACCT-TYPE>Credit Card</ACCT-TYPE>
						<DATE-REPORTED>31-03-2019</DATE-REPORTED>
						<OWNERSHIP-IND>Individual</OWNERSHIP-IND>
						<ACCOUNT-STATUS>Active</ACCOUNT-STATUS>
						<DISBURSED-AMT>58,276</DISBURSED-AMT>
						<DISBURSED-DATE>07-10-2017</DISBURSED-DATE>
						<LAST-PAYMENT-DATE>11-03-2019</LAST-PAYMENT-DATE>
						<WRITE-OFF-AMT>0</WRITE-OFF-AMT>
						<CURRENT-BAL>49,227</CURRENT-BAL>
						<SECURITY-STATUS>Un-secured</SECURITY-STATUS>
						<COMBINED-PAYMENT-HISTORY>Mar:2019,000/XXX|Feb:2019,000/XXX|Jan:2019,000/XXX|Dec:2018,000/XXX|Nov:2018,000/XXX|Oct:2018,000/XXX|Sep:2018,000/XXX|Aug:2018,000/XXX|Jul:2018,000/XXX|Jun:2018,000/XXX|May:2018,000/XXX|Apr:2018,039/XXX|Mar:2018,009/XXX|Feb:2018,000/XXX|Jan:2018,009/XXX|Dec:2017,000/XXX|Nov:2017,000/XXX|Oct:2017,000/XXX|</COMBINED-PAYMENT-HISTORY>
						<MATCHED-TYPE>PRIMARY</MATCHED-TYPE>
						<SECURITY-DETAILS></SECURITY-DETAILS>
						<LINKED-ACCOUNTS></LINKED-ACCOUNTS>
					</LOAN-DETAILS>
				</RESPONSE>
				<RESPONSE>
					<LOAN-DETAILS>
						<ACCT-NUMBER>XXXX</ACCT-NUMBER>
						<CREDIT-GUARANTOR>XXXX</CREDIT-GUARANTOR>
						<ACCT-TYPE>Personal Loan</ACCT-TYPE>
						<DATE-REPORTED>28-02-2019</DATE-REPORTED>
						<OWNERSHIP-IND>Individual</OWNERSHIP-IND>
						<ACCOUNT-STATUS>Active</ACCOUNT-STATUS>
						<DISBURSED-AMT>37,000</DISBURSED-AMT>
						<DISBURSED-DATE>29-08-2017</DISBURSED-DATE>
						<OVERDUE-AMT>0</OVERDUE-AMT>
						<WRITE-OFF-AMT>0</WRITE-OFF-AMT>
						<CURRENT-BAL>26,302</CURRENT-BAL>
						<SECURITY-STATUS>Un-secured</SECURITY-STATUS>
						<COMBINED-PAYMENT-HISTORY>Feb:2019,000/STD|Jan:2019,000/XXX|Dec:2018,000/STD|Nov:2018,000/STD|Oct:2018,DDD/DDD|Sep:2018,000/STD|Aug:2018,000/STD|Jul:2018,000/STD|Jun:2018,000/STD|May:2018,000/STD|Apr:2018,000/STD|Mar:2018,000/STD|Feb:2018,000/STD|Jan:2018,000/STD|Dec:2017,000/STD|Nov:2017,XXX/STD|Oct:2017,000/XXX|Sep:2017,000/STD|Aug:2017,000/STD|</COMBINED-PAYMENT-HISTORY>
						<MATCHED-TYPE>PRIMARY</MATCHED-TYPE>
						<SECURITY-DETAILS></SECURITY-DETAILS>
						<LINKED-ACCOUNTS></LINKED-ACCOUNTS>
					</LOAN-DETAILS>
				</RESPONSE>
				<RESPONSE>
					<LOAN-DETAILS>
						<ACCT-NUMBER>XXXX</ACCT-NUMBER>
						<CREDIT-GUARANTOR>XXXX</CREDIT-GUARANTOR>
						<ACCT-TYPE>Personal Loan</ACCT-TYPE>
						<DATE-REPORTED>08-03-2019</DATE-REPORTED>
						<OWNERSHIP-IND>Individual</OWNERSHIP-IND>
						<ACCOUNT-STATUS>Active</ACCOUNT-STATUS>
						<DISBURSED-AMT>40,000</DISBURSED-AMT>
						<DISBURSED-DATE>11-10-2018</DISBURSED-DATE>
						<LAST-PAYMENT-DATE>11-02-2019</LAST-PAYMENT-DATE>
						<INSTALLMENT-AMT>6,514</INSTALLMENT-AMT>
						<OVERDUE-AMT>0</OVERDUE-AMT>
						<WRITE-OFF-AMT>0</WRITE-OFF-AMT>
						<CURRENT-BAL>17,143</CURRENT-BAL>
						<SECURITY-STATUS>Un-secured</SECURITY-STATUS>
						<COMBINED-PAYMENT-HISTORY>Mar:2019,000/STD|Feb:2019,DDD/DDD|Jan:2019,000/STD|Dec:2018,000/STD|Nov:2018,000/STD|</COMBINED-PAYMENT-HISTORY>
						<MATCHED-TYPE>PRIMARY</MATCHED-TYPE>
						<SECURITY-DETAILS></SECURITY-DETAILS>
						<LINKED-ACCOUNTS></LINKED-ACCOUNTS>
					</LOAN-DETAILS>
				</RESPONSE>
				<RESPONSE>
					<LOAN-DETAILS>
						<ACCT-NUMBER>XXXX</ACCT-NUMBER>
						<CREDIT-GUARANTOR>XXXX</CREDIT-GUARANTOR>
						<ACCT-TYPE>Consumer Loan</ACCT-TYPE>
						<DATE-REPORTED>30-04-2016</DATE-REPORTED>
						<OWNERSHIP-IND>Individual</OWNERSHIP-IND>
						<ACCOUNT-STATUS>Closed</ACCOUNT-STATUS>
						<DISBURSED-AMT>23,990</DISBURSED-AMT>
						<DISBURSED-DATE>12-08-2014</DISBURSED-DATE>
						<LAST-PAYMENT-DATE>04-06-2015</LAST-PAYMENT-DATE>
						<CLOSED-DATE>22-06-2015</CLOSED-DATE>
						<OVERDUE-AMT>0</OVERDUE-AMT>
						<WRITE-OFF-AMT>0</WRITE-OFF-AMT>
						<CURRENT-BAL>0</CURRENT-BAL>
						<SECURITY-STATUS>Un-secured</SECURITY-STATUS>
						<COMBINED-PAYMENT-HISTORY>Jun:2015,XXX/STD|May:2015,XXX/STD|Apr:2015,XXX/STD|Mar:2015,XXX/STD|Feb:2015,XXX/STD|Jan:2015,XXX/XXX|Dec:2014,XXX/XXX|Nov:2014,XXX/XXX|Oct:2014,XXX/XXX|Sep:2014,XXX/XXX|</COMBINED-PAYMENT-HISTORY>
						<MATCHED-TYPE>PRIMARY</MATCHED-TYPE>
						<SECURITY-DETAILS></SECURITY-DETAILS>
						<LINKED-ACCOUNTS></LINKED-ACCOUNTS>
					</LOAN-DETAILS>
				</RESPONSE>
				<RESPONSE>
					<LOAN-DETAILS>
						<ACCT-NUMBER>XXXX</ACCT-NUMBER>
						<CREDIT-GUARANTOR>XXXX</CREDIT-GUARANTOR>
						<ACCT-TYPE>Consumer Loan</ACCT-TYPE>
						<DATE-REPORTED>31-05-2018</DATE-REPORTED>
						<OWNERSHIP-IND>Individual</OWNERSHIP-IND>
						<ACCOUNT-STATUS>Closed</ACCOUNT-STATUS>
						<DISBURSED-AMT>23,200</DISBURSED-AMT>
						<DISBURSED-DATE>30-03-2018</DISBURSED-DATE>
						<LAST-PAYMENT-DATE>17-05-2018</LAST-PAYMENT-DATE>
						<CLOSED-DATE>21-05-2018</CLOSED-DATE>
						<INSTALLMENT-AMT>2,320/Monthly</INSTALLMENT-AMT>
						<OVERDUE-AMT>0</OVERDUE-AMT>
						<WRITE-OFF-AMT>0</WRITE-OFF-AMT>
						<CURRENT-BAL>0</CURRENT-BAL>
						<SECURITY-STATUS>Un-secured</SECURITY-STATUS>
						<COMBINED-PAYMENT-HISTORY>May:2018,000/XXX|Apr:2018,000/XXX|Mar:2018,000/XXX|</COMBINED-PAYMENT-HISTORY>
						<MATCHED-TYPE>PRIMARY</MATCHED-TYPE>
						<REPAYMENT-TENURE>10</REPAYMENT-TENURE>
						<SUIT-FILED_WILFUL-DEFAULT>No Suit filed</SUIT-FILED_WILFUL-DEFAULT>
						<ACTUAL-PAYMENT>20,880</ACTUAL-PAYMENT>
						<SECURITY-DETAILS></SECURITY-DETAILS>
						<LINKED-ACCOUNTS></LINKED-ACCOUNTS>
					</LOAN-DETAILS>
				</RESPONSE>
				<RESPONSE>
					<LOAN-DETAILS>
						<ACCT-NUMBER>XXXX</ACCT-NUMBER>
						<CREDIT-GUARANTOR>XXXX</CREDIT-GUARANTOR>
						<ACCT-TYPE>Personal Loan</ACCT-TYPE>
						<DATE-REPORTED>31-03-2018</DATE-REPORTED>
						<OWNERSHIP-IND>Individual</OWNERSHIP-IND>
						<ACCOUNT-STATUS>Closed</ACCOUNT-STATUS>
						<DISBURSED-AMT>4,000</DISBURSED-AMT>
						<DISBURSED-DATE>12-03-2018</DISBURSED-DATE>
						<LAST-PAYMENT-DATE>31-03-2018</LAST-PAYMENT-DATE>
						<CLOSED-DATE>31-03-2018</CLOSED-DATE>
						<WRITE-OFF-AMT>0</WRITE-OFF-AMT>
						<CURRENT-BAL>0</CURRENT-BAL>
						<SECURITY-STATUS>Un-secured</SECURITY-STATUS>
						<COMBINED-PAYMENT-HISTORY>Mar:2018,000/XXX|</COMBINED-PAYMENT-HISTORY>
						<MATCHED-TYPE>PRIMARY</MATCHED-TYPE>
						<SECURITY-DETAILS></SECURITY-DETAILS>
						<LINKED-ACCOUNTS></LINKED-ACCOUNTS>
					</LOAN-DETAILS>
				</RESPONSE>
				<RESPONSE>
					<LOAN-DETAILS>
						<ACCT-NUMBER>XXXX</ACCT-NUMBER>
						<CREDIT-GUARANTOR>XXXX</CREDIT-GUARANTOR>
						<ACCT-TYPE>Personal Loan</ACCT-TYPE>
						<DATE-REPORTED>31-05-2018</DATE-REPORTED>
						<OWNERSHIP-IND>Individual</OWNERSHIP-IND>
						<ACCOUNT-STATUS>Closed</ACCOUNT-STATUS>
						<DISBURSED-AMT>1,000</DISBURSED-AMT>
						<DISBURSED-DATE>26-07-2017</DISBURSED-DATE>
						<LAST-PAYMENT-DATE>17-05-2018</LAST-PAYMENT-DATE>
						<CLOSED-DATE>18-05-2018</CLOSED-DATE>
						<INSTALLMENT-AMT>127/Monthly</INSTALLMENT-AMT>
						<OVERDUE-AMT>0</OVERDUE-AMT>
						<WRITE-OFF-AMT>0</WRITE-OFF-AMT>
						<CURRENT-BAL>0</CURRENT-BAL>
						<SECURITY-STATUS>Un-secured</SECURITY-STATUS>
						<COMBINED-PAYMENT-HISTORY>May:2018,000/XXX|Apr:2018,005/XXX|Mar:2018,000/XXX|Feb:2018,000/XXX|Jan:2018,000/XXX|Dec:2017,000/XXX|Nov:2017,000/XXX|Oct:2017,DDD/DDD|Sep:2017,DDD/DDD|Aug:2017,000/XXX|</COMBINED-PAYMENT-HISTORY>
						<MATCHED-TYPE>PRIMARY</MATCHED-TYPE>
						<REPAYMENT-TENURE>10</REPAYMENT-TENURE>
						<ACTUAL-PAYMENT>125</ACTUAL-PAYMENT>
						<SECURITY-DETAILS></SECURITY-DETAILS>
						<LINKED-ACCOUNTS></LINKED-ACCOUNTS>
					</LOAN-DETAILS>
				</RESPONSE>
				<RESPONSE>
					<LOAN-DETAILS>
						<ACCT-NUMBER>XXXX</ACCT-NUMBER>
						<CREDIT-GUARANTOR>XXXX</CREDIT-GUARANTOR>
						<ACCT-TYPE>Personal Loan</ACCT-TYPE>
						<DATE-REPORTED>31-05-2017</DATE-REPORTED>
						<OWNERSHIP-IND>Individual</OWNERSHIP-IND>
						<ACCOUNT-STATUS>Closed</ACCOUNT-STATUS>
						<DISBURSED-AMT>71,000</DISBURSED-AMT>
						<DISBURSED-DATE>28-04-2011</DISBURSED-DATE>
						<LAST-PAYMENT-DATE>30-04-2015</LAST-PAYMENT-DATE>
						<CLOSED-DATE>11-05-2015</CLOSED-DATE>
						<OVERDUE-AMT>0</OVERDUE-AMT>
						<WRITE-OFF-AMT>0</WRITE-OFF-AMT>
						<CURRENT-BAL>0</CURRENT-BAL>
						<SECURITY-STATUS>Un-secured</SECURITY-STATUS>
						<COMBINED-PAYMENT-HISTORY>May:2015,DDD/DDD|Apr:2015,DDD/DDD|Mar:2015,329/XXX|Feb:2015,298/XXX|Jan:2015,270/XXX|Dec:2014,239/XXX|Nov:2014,DDD/DDD|Oct:2014,178/XXX|Sep:2014,XXX/XXX|Aug:2014,XXX/XXX|Jul:2014,XXX/XXX|Jun:2014,XXX/XXX|May:2014,XXX/XXX|Apr:2014,XXX/XXX|Mar:2014,XXX/XXX|Feb:2014,XXX/XXX|Jan:2014,XXX/XXX|Dec:2013,XXX/XXX|Nov:2013,XXX/XXX|Oct:2013,XXX/XXX|Sep:2013,XXX/XXX|Aug:2013,XXX/XXX|Jul:2013,XXX/XXX|Jun:2013,XXX/XXX|May:2013,XXX/XXX|Apr:2013,XXX/XXX|Mar:2013,XXX/XXX|Feb:2013,XXX/XXX|Jan:2013,XXX/XXX|Dec:2012,XXX/XXX|Nov:2012,XXX/XXX|Oct:2012,XXX/XXX|Sep:2012,XXX/XXX|Aug:2012,XXX/XXX|Jul:2012,XXX/XXX|Jun:2012,XXX/XXX|</COMBINED-PAYMENT-HISTORY>
						<MATCHED-TYPE>PRIMARY</MATCHED-TYPE>
						<SECURITY-DETAILS></SECURITY-DETAILS>
						<LINKED-ACCOUNTS></LINKED-ACCOUNTS>
					</LOAN-DETAILS>
				</RESPONSE>
				<RESPONSE>
					<LOAN-DETAILS>
						<ACCT-NUMBER>XXXX</ACCT-NUMBER>
						<CREDIT-GUARANTOR>XXXX</CREDIT-GUARANTOR>
						<ACCT-TYPE>Credit Card</ACCT-TYPE>
						<DATE-REPORTED>31-03-2019</DATE-REPORTED>
						<OWNERSHIP-IND>Individual</OWNERSHIP-IND>
						<ACCOUNT-STATUS>Active</ACCOUNT-STATUS>
						<DISBURSED-AMT>48,619</DISBURSED-AMT>
						<DISBURSED-DATE>15-02-2017</DISBURSED-DATE>
						<LAST-PAYMENT-DATE>15-03-2019</LAST-PAYMENT-DATE>
						<WRITE-OFF-AMT>0</WRITE-OFF-AMT>
						<CURRENT-BAL>32,167</CURRENT-BAL>
						<SECURITY-STATUS>Un-secured</SECURITY-STATUS>
						<COMBINED-PAYMENT-HISTORY>Mar:2019,000/XXX|Feb:2019,000/XXX|Jan:2019,000/XXX|Dec:2018,000/XXX|Nov:2018,000/XXX|Oct:2018,000/XXX|Sep:2018,000/XXX|Aug:2018,000/XXX|Jul:2018,000/XXX|Jun:2018,000/XXX|May:2018,000/XXX|Apr:2018,058/XXX|Mar:2018,030/XXX|Feb:2018,024/XXX|Jan:2018,000/XXX|Dec:2017,000/XXX|Nov:2017,000/XXX|Oct:2017,000/XXX|Sep:2017,000/XXX|Aug:2017,000/XXX|Jul:2017,000/XXX|Jun:2017,000/XXX|May:2017,000/XXX|Apr:2017,000/XXX|Mar:2017,000/XXX|Feb:2017,000/XXX|</COMBINED-PAYMENT-HISTORY>
						<MATCHED-TYPE>PRIMARY</MATCHED-TYPE>
						<SECURITY-DETAILS></SECURITY-DETAILS>
						<LINKED-ACCOUNTS></LINKED-ACCOUNTS>
					</LOAN-DETAILS>
				</RESPONSE>
				<RESPONSE>
					<LOAN-DETAILS>
						<ACCT-NUMBER>XXXX</ACCT-NUMBER>
						<CREDIT-GUARANTOR>XXXX</CREDIT-GUARANTOR>
						<ACCT-TYPE>Personal Loan</ACCT-TYPE>
						<DATE-REPORTED>28-02-2019</DATE-REPORTED>
						<OWNERSHIP-IND>Individual</OWNERSHIP-IND>
						<ACCOUNT-STATUS>Active</ACCOUNT-STATUS>
						<DISBURSED-AMT>50,000</DISBURSED-AMT>
						<DISBURSED-DATE>28-03-2018</DISBURSED-DATE>
						<INSTALLMENT-AMT>5,000/Monthly</INSTALLMENT-AMT>
						<OVERDUE-AMT>0</OVERDUE-AMT>
						<WRITE-OFF-AMT>0</WRITE-OFF-AMT>
						<CURRENT-BAL>9,596</CURRENT-BAL>
						<SECURITY-STATUS>Un-secured</SECURITY-STATUS>
						<PRINCIPAL-WRITE-OFF-AMT>0</PRINCIPAL-WRITE-OFF-AMT>
						<COMBINED-PAYMENT-HISTORY>Feb:2019,000/XXX|Jan:2019,000/XXX|Dec:2018,DDD/DDD|Nov:2018,000/XXX|Oct:2018,DDD/DDD|Sep:2018,000/XXX|Aug:2018,000/XXX|Jul:2018,000/XXX|Jun:2018,000/XXX|May:2018,000/XXX|Apr:2018,DDD/DDD|Mar:2018,000/XXX|</COMBINED-PAYMENT-HISTORY>
						<MATCHED-TYPE>PRIMARY</MATCHED-TYPE>
						<REPAYMENT-TENURE>12</REPAYMENT-TENURE>
						<SUIT-FILED_WILFUL-DEFAULT>No Suit filed</SUIT-FILED_WILFUL-DEFAULT>
						<ACTUAL-PAYMENT>5,000</ACTUAL-PAYMENT>
						<SETTLEMENT-AMT>0</SETTLEMENT-AMT>
						<SECURITY-DETAILS></SECURITY-DETAILS>
						<LINKED-ACCOUNTS></LINKED-ACCOUNTS>
					</LOAN-DETAILS>
				</RESPONSE>
				<RESPONSE>
					<LOAN-DETAILS>
						<ACCT-NUMBER>XXXX</ACCT-NUMBER>
						<CREDIT-GUARANTOR>XXXX</CREDIT-GUARANTOR>
						<ACCT-TYPE>Two-Wheeler Loan</ACCT-TYPE>
						<DATE-REPORTED>28-02-2019</DATE-REPORTED>
						<OWNERSHIP-IND>Individual</OWNERSHIP-IND>
						<ACCOUNT-STATUS>Active</ACCOUNT-STATUS>
						<DISBURSED-AMT>1,49,621</DISBURSED-AMT>
						<DISBURSED-DATE>13-04-2017</DISBURSED-DATE>
						<LAST-PAYMENT-DATE>21-02-2019</LAST-PAYMENT-DATE>
						<OVERDUE-AMT>0</OVERDUE-AMT>
						<WRITE-OFF-AMT>0</WRITE-OFF-AMT>
						<CURRENT-BAL>67,582</CURRENT-BAL>
						<SECURITY-STATUS>Secured</SECURITY-STATUS>
						<COMBINED-PAYMENT-HISTORY>Feb:2019,000/STD|Jan:2019,000/STD|Dec:2018,000/STD|Nov:2018,000/STD|Oct:2018,000/STD|Sep:2018,000/STD|Aug:2018,000/STD|Jul:2018,000/STD|Jun:2018,000/STD|May:2018,000/STD|Apr:2018,025/STD|Mar:2018,026/STD|Feb:2018,023/STD|Jan:2018,000/STD|Dec:2017,000/STD|Nov:2017,000/STD|Oct:2017,000/STD|Sep:2017,000/STD|Aug:2017,000/STD|Jul:2017,000/STD|Jun:2017,000/STD|May:2017,000/STD|Apr:2017,000/STD|</COMBINED-PAYMENT-HISTORY>
						<MATCHED-TYPE>PRIMARY</MATCHED-TYPE>
						<ACTUAL-PAYMENT>0</ACTUAL-PAYMENT>
						<SECURITY-DETAILS>
							<SECURITY-DETAIL>
								<SECURITY-TYPE></SECURITY-TYPE>
								<OWNER-NAME></OWNER-NAME>
								<SECURITY-VALUE>0</SECURITY-VALUE>
								<DATE-OF-VALUE></DATE-OF-VALUE>
								<SECURITY-CHARGE></SECURITY-CHARGE>
								<PROPERTY-ADDRESS></PROPERTY-ADDRESS>
								<AUTOMOBILE-TYPE></AUTOMOBILE-TYPE>
								<YEAR-OF-MANUFACTURE></YEAR-OF-MANUFACTURE>
								<REGISTRATION-NUMBER></REGISTRATION-NUMBER>
								<ENGINE-NUMBER></ENGINE-NUMBER>
								<CHASSIS-NUMBER></CHASSIS-NUMBER>
							</SECURITY-DETAIL>
						</SECURITY-DETAILS>
						<LINKED-ACCOUNTS></LINKED-ACCOUNTS>
					</LOAN-DETAILS>
				</RESPONSE>
				<RESPONSE>
					<LOAN-DETAILS>
						<ACCT-NUMBER>XXXX</ACCT-NUMBER>
						<CREDIT-GUARANTOR>XXXX</CREDIT-GUARANTOR>
						<ACCT-TYPE>Credit Card</ACCT-TYPE>
						<DATE-REPORTED>20-02-2019</DATE-REPORTED>
						<OWNERSHIP-IND>Individual</OWNERSHIP-IND>
						<ACCOUNT-STATUS>Closed</ACCOUNT-STATUS>
						<DISBURSED-AMT>46,273</DISBURSED-AMT>
						<DISBURSED-DATE>04-08-2016</DISBURSED-DATE>
						<LAST-PAYMENT-DATE>25-05-2018</LAST-PAYMENT-DATE>
						<CLOSED-DATE>30-07-2018</CLOSED-DATE>
						<OVERDUE-AMT>0</OVERDUE-AMT>
						<WRITE-OFF-AMT>0</WRITE-OFF-AMT>
						<CURRENT-BAL>0</CURRENT-BAL>
						<CREDIT-LIMIT>0</CREDIT-LIMIT>
						<SECURITY-STATUS>Un-secured</SECURITY-STATUS>
						<COMBINED-PAYMENT-HISTORY>Jul:2018,000/XXX|Jun:2018,000/XXX|May:2018,000/XXX|Apr:2018,000/XXX|Mar:2018,000/XXX|Feb:2018,016/XXX|Jan:2018,000/XXX|Dec:2017,000/XXX|Nov:2017,000/XXX|Oct:2017,000/XXX|Sep:2017,000/XXX|Aug:2017,000/XXX|Jul:2017,000/XXX|Jun:2017,000/XXX|May:2017,000/XXX|Apr:2017,000/XXX|Mar:2017,000/XXX|Feb:2017,000/XXX|Jan:2017,000/XXX|Dec:2016,000/XXX|Nov:2016,000/XXX|Oct:2016,000/XXX|Sep:2016,000/XXX|Aug:2016,000/XXX|</COMBINED-PAYMENT-HISTORY>
						<MATCHED-TYPE>PRIMARY</MATCHED-TYPE>
						<CASH-LIMIT>0</CASH-LIMIT>
						<SECURITY-DETAILS></SECURITY-DETAILS>
						<LINKED-ACCOUNTS></LINKED-ACCOUNTS>
					</LOAN-DETAILS>
				</RESPONSE>
				<RESPONSE>
					<LOAN-DETAILS>
						<ACCT-NUMBER>XXXX</ACCT-NUMBER>
						<CREDIT-GUARANTOR>XXXX</CREDIT-GUARANTOR>
						<ACCT-TYPE>Personal Loan</ACCT-TYPE>
						<DATE-REPORTED>31-12-2018</DATE-REPORTED>
						<OWNERSHIP-IND>Individual</OWNERSHIP-IND>
						<ACCOUNT-STATUS>Closed</ACCOUNT-STATUS>
						<DISBURSED-AMT>11,000</DISBURSED-AMT>
						<DISBURSED-DATE>04-11-2018</DISBURSED-DATE>
						<LAST-PAYMENT-DATE>08-11-2018</LAST-PAYMENT-DATE>
						<CLOSED-DATE>08-11-2018</CLOSED-DATE>
						<INSTALLMENT-AMT>11,000/Weekly</INSTALLMENT-AMT>
						<OVERDUE-AMT>0</OVERDUE-AMT>
						<WRITE-OFF-AMT>0</WRITE-OFF-AMT>
						<CURRENT-BAL>0</CURRENT-BAL>
						<SECURITY-STATUS>Un-secured</SECURITY-STATUS>
						<COMBINED-PAYMENT-HISTORY>Nov:2018,000/XXX|</COMBINED-PAYMENT-HISTORY>
						<MATCHED-TYPE>PRIMARY</MATCHED-TYPE>
						<REPAYMENT-TENURE>1</REPAYMENT-TENURE>
						<ACTUAL-PAYMENT>0</ACTUAL-PAYMENT>
						<SECURITY-DETAILS></SECURITY-DETAILS>
						<LINKED-ACCOUNTS></LINKED-ACCOUNTS>
					</LOAN-DETAILS>
				</RESPONSE>
				<RESPONSE>
					<LOAN-DETAILS>
						<ACCT-NUMBER>XXXX</ACCT-NUMBER>
						<CREDIT-GUARANTOR>XXXX</CREDIT-GUARANTOR>
						<ACCT-TYPE>Personal Loan</ACCT-TYPE>
						<DATE-REPORTED>28-02-2019</DATE-REPORTED>
						<OWNERSHIP-IND>Individual</OWNERSHIP-IND>
						<ACCOUNT-STATUS>Closed</ACCOUNT-STATUS>
						<DISBURSED-AMT>10,000</DISBURSED-AMT>
						<DISBURSED-DATE>07-10-2017</DISBURSED-DATE>
						<CLOSED-DATE>26-06-2018</CLOSED-DATE>
						<INSTALLMENT-AMT>1,809</INSTALLMENT-AMT>
						<OVERDUE-AMT>0</OVERDUE-AMT>
						<WRITE-OFF-AMT>0</WRITE-OFF-AMT>
						<CURRENT-BAL>0</CURRENT-BAL>
						<SECURITY-STATUS>Un-secured</SECURITY-STATUS>
						<COMBINED-PAYMENT-HISTORY>Jun:2018,000/XXX|May:2018,000/XXX|Apr:2018,028/XXX|Mar:2018,029/XXX|Feb:2018,026/XXX|Jan:2018,000/XXX|Dec:2017,000/XXX|Nov:2017,000/XXX|Oct:2017,000/XXX|</COMBINED-PAYMENT-HISTORY>
						<MATCHED-TYPE>PRIMARY</MATCHED-TYPE>
						<SECURITY-DETAILS>
							<SECURITY-DETAIL>
								<SECURITY-TYPE>No Collateral</SECURITY-TYPE>
								<OWNER-NAME></OWNER-NAME>
								<SECURITY-VALUE>0</SECURITY-VALUE>
								<DATE-OF-VALUE></DATE-OF-VALUE>
								<SECURITY-CHARGE></SECURITY-CHARGE>
								<PROPERTY-ADDRESS></PROPERTY-ADDRESS>
								<AUTOMOBILE-TYPE></AUTOMOBILE-TYPE>
								<YEAR-OF-MANUFACTURE></YEAR-OF-MANUFACTURE>
								<REGISTRATION-NUMBER></REGISTRATION-NUMBER>
								<ENGINE-NUMBER></ENGINE-NUMBER>
								<CHASSIS-NUMBER></CHASSIS-NUMBER>
							</SECURITY-DETAIL>
						</SECURITY-DETAILS>
						<LINKED-ACCOUNTS></LINKED-ACCOUNTS>
					</LOAN-DETAILS>
				</RESPONSE>
				<RESPONSE>
					<LOAN-DETAILS>
						<ACCT-NUMBER>XXXX</ACCT-NUMBER>
						<CREDIT-GUARANTOR>XXXX</CREDIT-GUARANTOR>
						<ACCT-TYPE>Personal Loan</ACCT-TYPE>
						<DATE-REPORTED>30-04-2018</DATE-REPORTED>
						<OWNERSHIP-IND>Individual</OWNERSHIP-IND>
						<ACCOUNT-STATUS>Closed</ACCOUNT-STATUS>
						<DISBURSED-AMT>4,000</DISBURSED-AMT>
						<DISBURSED-DATE>11-04-2018</DISBURSED-DATE>
						<LAST-PAYMENT-DATE>30-04-2018</LAST-PAYMENT-DATE>
						<CLOSED-DATE>30-04-2018</CLOSED-DATE>
						<WRITE-OFF-AMT>0</WRITE-OFF-AMT>
						<CURRENT-BAL>0</CURRENT-BAL>
						<SECURITY-STATUS>Un-secured</SECURITY-STATUS>
						<COMBINED-PAYMENT-HISTORY>Apr:2018,000/XXX|</COMBINED-PAYMENT-HISTORY>
						<MATCHED-TYPE>PRIMARY</MATCHED-TYPE>
						<SECURITY-DETAILS></SECURITY-DETAILS>
						<LINKED-ACCOUNTS></LINKED-ACCOUNTS>
					</LOAN-DETAILS>
				</RESPONSE>
				<RESPONSE>
					<LOAN-DETAILS>
						<ACCT-NUMBER>XXXX</ACCT-NUMBER>
						<CREDIT-GUARANTOR>XXXX</CREDIT-GUARANTOR>
						<ACCT-TYPE>Credit Card</ACCT-TYPE>
						<DATE-REPORTED>28-02-2019</DATE-REPORTED>
						<OWNERSHIP-IND>Individual</OWNERSHIP-IND>
						<ACCOUNT-STATUS>Active</ACCOUNT-STATUS>
						<DISBURSED-AMT>46,273</DISBURSED-AMT>
						<DISBURSED-DATE>04-08-2016</DISBURSED-DATE>
						<LAST-PAYMENT-DATE>08-02-2019</LAST-PAYMENT-DATE>
						<OVERDUE-AMT>0</OVERDUE-AMT>
						<WRITE-OFF-AMT>0</WRITE-OFF-AMT>
						<CURRENT-BAL>42,670</CURRENT-BAL>
						<CREDIT-LIMIT>41,000</CREDIT-LIMIT>
						<SECURITY-STATUS>Un-secured</SECURITY-STATUS>
						<COMBINED-PAYMENT-HISTORY>Feb:2019,000/XXX|Jan:2019,000/XXX|Dec:2018,000/XXX|Nov:2018,000/XXX|Oct:2018,000/XXX|Sep:2018,000/XXX|Aug:2018,000/XXX|Jul:2018,000/XXX|Jun:2018,000/XXX|May:2018,XXX/XXX|Apr:2018,XXX/XXX|Mar:2018,XXX/XXX|Feb:2018,XXX/XXX|Jan:2018,XXX/XXX|Dec:2017,XXX/XXX|Nov:2017,XXX/XXX|Oct:2017,XXX/XXX|Sep:2017,XXX/XXX|Aug:2017,XXX/XXX|Jul:2017,XXX/XXX|Jun:2017,XXX/XXX|May:2017,XXX/XXX|Apr:2017,XXX/XXX|Mar:2017,XXX/XXX|Feb:2017,XXX/XXX|Jan:2017,XXX/XXX|Dec:2016,XXX/XXX|Nov:2016,XXX/XXX|Oct:2016,XXX/XXX|Sep:2016,XXX/XXX|</COMBINED-PAYMENT-HISTORY>
						<MATCHED-TYPE>PRIMARY</MATCHED-TYPE>
						<CASH-LIMIT>0</CASH-LIMIT>
						<ACTUAL-PAYMENT>3,006</ACTUAL-PAYMENT>
						<SECURITY-DETAILS></SECURITY-DETAILS>
						<LINKED-ACCOUNTS></LINKED-ACCOUNTS>
					</LOAN-DETAILS>
				</RESPONSE>
				<RESPONSE>
					<LOAN-DETAILS>
						<ACCT-NUMBER>XXXX</ACCT-NUMBER>
						<CREDIT-GUARANTOR>XXXX</CREDIT-GUARANTOR>
						<ACCT-TYPE>Credit Card</ACCT-TYPE>
						<DATE-REPORTED>12-04-2019</DATE-REPORTED>
						<OWNERSHIP-IND>Individual</OWNERSHIP-IND>
						<ACCOUNT-STATUS>Active</ACCOUNT-STATUS>
						<DISBURSED-AMT>60,261</DISBURSED-AMT>
						<DISBURSED-DATE>21-07-2017</DISBURSED-DATE>
						<LAST-PAYMENT-DATE>11-03-2019</LAST-PAYMENT-DATE>
						<OVERDUE-AMT>0</OVERDUE-AMT>
						<WRITE-OFF-AMT>0</WRITE-OFF-AMT>
						<CURRENT-BAL>49,102</CURRENT-BAL>
						<CREDIT-LIMIT>48,000</CREDIT-LIMIT>
						<SECURITY-STATUS>Un-secured</SECURITY-STATUS>
						<COMBINED-PAYMENT-HISTORY>Mar:2019,DDD/DDD|Feb:2019,000/XXX|Jan:2019,000/XXX|Dec:2018,000/XXX|Nov:2018,000/XXX|Oct:2018,000/XXX|Sep:2018,000/XXX|Aug:2018,DDD/DDD|Jul:2018,000/XXX|Jun:2018,000/XXX|May:2018,093/XXX|Apr:2018,063/XXX|Mar:2018,033/XXX|Feb:2018,003/XXX|Jan:2018,000/XXX|Dec:2017,000/XXX|Nov:2017,000/XXX|Oct:2017,000/XXX|Sep:2017,000/XXX|Aug:2017,XXX/XXX|</COMBINED-PAYMENT-HISTORY>
						<MATCHED-TYPE>PRIMARY</MATCHED-TYPE>
						<CASH-LIMIT>4,800</CASH-LIMIT>
						<ACTUAL-PAYMENT>10,117</ACTUAL-PAYMENT>
						<SECURITY-DETAILS></SECURITY-DETAILS>
						<LINKED-ACCOUNTS></LINKED-ACCOUNTS>
					</LOAN-DETAILS>
				</RESPONSE>
				<RESPONSE>
					<LOAN-DETAILS>
						<ACCT-NUMBER>XXXX</ACCT-NUMBER>
						<CREDIT-GUARANTOR>XXXX</CREDIT-GUARANTOR>
						<ACCT-TYPE>Consumer Loan</ACCT-TYPE>
						<DATE-REPORTED>30-04-2016</DATE-REPORTED>
						<OWNERSHIP-IND>Individual</OWNERSHIP-IND>
						<ACCOUNT-STATUS>Closed</ACCOUNT-STATUS>
						<DISBURSED-AMT>11,790</DISBURSED-AMT>
						<DISBURSED-DATE>25-02-2011</DISBURSED-DATE>
						<LAST-PAYMENT-DATE>01-03-2016</LAST-PAYMENT-DATE>
						<CLOSED-DATE>21-03-2016</CLOSED-DATE>
						<WRITE-OFF-AMT>0</WRITE-OFF-AMT>
						<CURRENT-BAL>0</CURRENT-BAL>
						<SECURITY-STATUS>Un-secured</SECURITY-STATUS>
						<COMBINED-PAYMENT-HISTORY>Mar:2016,XXX/STD|Feb:2016,XXX/STD|Jan:2016,XXX/STD|Dec:2015,XXX/STD|Nov:2015,DDD/DDD|Oct:2015,XXX/STD|Sep:2015,XXX/STD|Aug:2015,DDD/DDD|Jul:2015,XXX/STD|Jun:2015,XXX/STD|May:2015,XXX/STD|Apr:2015,XXX/STD|Mar:2015,XXX/STD|Feb:2015,XXX/STD|Jan:2015,XXX/XXX|Dec:2014,XXX/XXX|Nov:2014,XXX/XXX|Oct:2014,XXX/XXX|Sep:2014,XXX/XXX|Aug:2014,XXX/XXX|Jul:2014,XXX/XXX|Jun:2014,XXX/XXX|May:2014,XXX/XXX|Apr:2014,XXX/XXX|Mar:2014,XXX/XXX|Feb:2014,XXX/XXX|Jan:2014,XXX/XXX|Dec:2013,XXX/XXX|Nov:2013,XXX/XXX|Oct:2013,XXX/XXX|Sep:2013,XXX/XXX|Aug:2013,XXX/XXX|Jul:2013,XXX/XXX|Jun:2013,XXX/XXX|May:2013,XXX/XXX|Apr:2013,XXX/XXX|</COMBINED-PAYMENT-HISTORY>
						<MATCHED-TYPE>PRIMARY</MATCHED-TYPE>
						<SECURITY-DETAILS></SECURITY-DETAILS>
						<LINKED-ACCOUNTS></LINKED-ACCOUNTS>
					</LOAN-DETAILS>
				</RESPONSE>
				<RESPONSE>
					<LOAN-DETAILS>
						<ACCT-NUMBER>XXXX</ACCT-NUMBER>
						<CREDIT-GUARANTOR>XXXX</CREDIT-GUARANTOR>
						<ACCT-TYPE>Credit Card</ACCT-TYPE>
						<DATE-REPORTED>05-04-2019</DATE-REPORTED>
						<OWNERSHIP-IND>Individual</OWNERSHIP-IND>
						<ACCOUNT-STATUS>Closed</ACCOUNT-STATUS>
						<DISBURSED-AMT>16,266</DISBURSED-AMT>
						<DISBURSED-DATE>14-09-2017</DISBURSED-DATE>
						<LAST-PAYMENT-DATE>14-05-2018</LAST-PAYMENT-DATE>
						<CLOSED-DATE>13-05-2018</CLOSED-DATE>
						<OVERDUE-AMT>0</OVERDUE-AMT>
						<WRITE-OFF-AMT>0</WRITE-OFF-AMT>
						<CURRENT-BAL>0</CURRENT-BAL>
						<CREDIT-LIMIT>10,000</CREDIT-LIMIT>
						<SECURITY-STATUS>Un-secured</SECURITY-STATUS>
						<COMBINED-PAYMENT-HISTORY>May:2018,093/XXX|Apr:2018,063/XXX|Mar:2018,033/XXX|Feb:2018,003/XXX|Jan:2018,003/XXX|Dec:2017,000/XXX|Nov:2017,000/XXX|Oct:2017,XXX/XXX|</COMBINED-PAYMENT-HISTORY>
						<MATCHED-TYPE>PRIMARY</MATCHED-TYPE>
						<CASH-LIMIT>1,000</CASH-LIMIT>
						<ACTUAL-PAYMENT>0</ACTUAL-PAYMENT>
						<SECURITY-DETAILS></SECURITY-DETAILS>
						<LINKED-ACCOUNTS></LINKED-ACCOUNTS>
					</LOAN-DETAILS>
				</RESPONSE>
				<RESPONSE>
					<LOAN-DETAILS>
						<ACCT-NUMBER>XXXX</ACCT-NUMBER>
						<CREDIT-GUARANTOR>XXXX</CREDIT-GUARANTOR>
						<ACCT-TYPE>Personal Loan</ACCT-TYPE>
						<DATE-REPORTED>31-12-2018</DATE-REPORTED>
						<OWNERSHIP-IND>Individual</OWNERSHIP-IND>
						<ACCOUNT-STATUS>Active</ACCOUNT-STATUS>
						<DISBURSED-AMT>60,000</DISBURSED-AMT>
						<DISBURSED-DATE>10-11-2018</DISBURSED-DATE>
						<LAST-PAYMENT-DATE>03-12-2018</LAST-PAYMENT-DATE>
						<INSTALLMENT-AMT>10,000/Annually</INSTALLMENT-AMT>
						<OVERDUE-AMT>0</OVERDUE-AMT>
						<WRITE-OFF-AMT>0</WRITE-OFF-AMT>
						<CURRENT-BAL>49,250</CURRENT-BAL>
						<SECURITY-STATUS>Un-secured</SECURITY-STATUS>
						<COMBINED-PAYMENT-HISTORY>Dec:2018,000/XXX|Nov:2018,000/XXX|</COMBINED-PAYMENT-HISTORY>
						<MATCHED-TYPE>PRIMARY</MATCHED-TYPE>
						<REPAYMENT-TENURE>6</REPAYMENT-TENURE>
						<ACTUAL-PAYMENT>49,250</ACTUAL-PAYMENT>
						<SECURITY-DETAILS></SECURITY-DETAILS>
						<LINKED-ACCOUNTS></LINKED-ACCOUNTS>
					</LOAN-DETAILS>
				</RESPONSE>
			</RESPONSES>
			<INDV-RESPONSES>
				<PRIMARY-SUMMARY>
					<NO-OF-DEFAULT-ACCOUNTS>0</NO-OF-DEFAULT-ACCOUNTS>
					<TOTAL-RESPONSES>0</TOTAL-RESPONSES>
					<NO-OF-CLOSED-ACCOUNTS>0</NO-OF-CLOSED-ACCOUNTS>
					<NO-OF-ACTIVE-ACCOUNTS>0</NO-OF-ACTIVE-ACCOUNTS>
					<NO-OF-OTHER-MFIS>0</NO-OF-OTHER-MFIS>
					<NO-OF-OWN-MFIS>0</NO-OF-OWN-MFIS>
				</PRIMARY-SUMMARY>
				<SECONDARY-SUMMARY>
					<NO-OF-DEFAULT-ACCOUNTS>0</NO-OF-DEFAULT-ACCOUNTS>
					<TOTAL-RESPONSES>0</TOTAL-RESPONSES>
					<NO-OF-CLOSED-ACCOUNTS>0</NO-OF-CLOSED-ACCOUNTS>
					<NO-OF-ACTIVE-ACCOUNTS>0</NO-OF-ACTIVE-ACCOUNTS>
					<NO-OF-OTHER-MFIS>0</NO-OF-OTHER-MFIS>
					<NO-OF-OWN-MFIS>0</NO-OF-OWN-MFIS>
				</SECONDARY-SUMMARY>
				<SUMMARY>
					<STATUS>SUCCESS</STATUS>
					<TOTAL-RESPONSES>0</TOTAL-RESPONSES>
					<NO-OF-OTHER-MFIS>0</NO-OF-OTHER-MFIS>
					<NO-OF-DEFAULT-ACCOUNTS>0</NO-OF-DEFAULT-ACCOUNTS>
					<OWN-MFI-INDECATOR>false</OWN-MFI-INDECATOR>
					<NO-OF-CLOSED-ACCOUNTS>0</NO-OF-CLOSED-ACCOUNTS>
					<NO-OF-ACTIVE-ACCOUNTS>0</NO-OF-ACTIVE-ACCOUNTS>
					<NO-OF-OWN-MFIS>0</NO-OF-OWN-MFIS>
				</SUMMARY>
				<INDV-RESPONSE-LIST></INDV-RESPONSE-LIST>
			</INDV-RESPONSES>
			<GRP-RESPONSES>
				<PRIMARY-SUMMARY>
					<NO-OF-DEFAULT-ACCOUNTS>0</NO-OF-DEFAULT-ACCOUNTS>
					<TOTAL-RESPONSES>0</TOTAL-RESPONSES>
					<NO-OF-CLOSED-ACCOUNTS>0</NO-OF-CLOSED-ACCOUNTS>
					<NO-OF-ACTIVE-ACCOUNTS>0</NO-OF-ACTIVE-ACCOUNTS>
					<NO-OF-OTHER-MFIS>0</NO-OF-OTHER-MFIS>
					<NO-OF-OWN-MFIS>0</NO-OF-OWN-MFIS>
				</PRIMARY-SUMMARY>
				<SECONDARY-SUMMARY>
					<NO-OF-DEFAULT-ACCOUNTS>0</NO-OF-DEFAULT-ACCOUNTS>
					<TOTAL-RESPONSES>0</TOTAL-RESPONSES>
					<NO-OF-CLOSED-ACCOUNTS>0</NO-OF-CLOSED-ACCOUNTS>
					<NO-OF-ACTIVE-ACCOUNTS>0</NO-OF-ACTIVE-ACCOUNTS>
					<NO-OF-OTHER-MFIS>0</NO-OF-OTHER-MFIS>
					<NO-OF-OWN-MFIS>0</NO-OF-OWN-MFIS>
				</SECONDARY-SUMMARY>
				<SUMMARY>
					<STATUS>SUCCESS</STATUS>
					<TOTAL-RESPONSES>0</TOTAL-RESPONSES>
					<NO-OF-OTHER-MFIS>0</NO-OF-OTHER-MFIS>
					<NO-OF-DEFAULT-ACCOUNTS>0</NO-OF-DEFAULT-ACCOUNTS>
					<OWN-MFI-INDECATOR>false</OWN-MFI-INDECATOR>
					<NO-OF-CLOSED-ACCOUNTS>0</NO-OF-CLOSED-ACCOUNTS>
					<NO-OF-ACTIVE-ACCOUNTS>0</NO-OF-ACTIVE-ACCOUNTS>
					<NO-OF-OWN-MFIS>0</NO-OF-OWN-MFIS>
				</SUMMARY>
				<GRP-RESPONSE-LIST></GRP-RESPONSE-LIST>
			</GRP-RESPONSES>
		</INDV-REPORT>
	</INDV-REPORTS>
</INDV-REPORT-FILE>